{"stats":{"minecraft:mined":{"minecraft:diamond_ore":31,"minecraft:stone_pressure_plate":1,"minecraft:white_bed":2,"minecraft:brewing_stand":1,"minecraft:granite":13,"minecraft:grass_block":73,"minecraft:sandstone":21,"minecraft:hay_block":31,"minecraft:redstone_ore":9,"minecraft:furnace":2,"minecraft:carrots":5,"minecraft:iron_ore":65,"minecraft:andesite":3,"minecraft:azure_bluet":4,"minecraft:potatoes":5,"minecraft:oak_sign":1,"minecraft:oak_stairs":2,"minecraft:stone":262,"minecraft:cut_sandstone":6,"minecraft:orange_terracotta":1,"minecraft:crafting_table":7,"minecraft:dead_bush":4,"minecraft:cobblestone":2,"minecraft:tall_grass":4,"minecraft:oak_planks":29,"minecraft:sugar_cane":8,"minecraft:diorite":12,"minecraft:wall_torch":1,"minecraft:birch_planks":4,"minecraft:birch_log":18,"minecraft:wheat":12,"minecraft:birch_leaves":1,"minecraft:tnt":9,"minecraft:yellow_bed":2,"minecraft:grass_path":1,"minecraft:grass":32,"minecraft:oak_log":45,"minecraft:coal_ore":32,"minecraft:beetroots":4,"minecraft:gravel":2,"minecraft:sand":27,"minecraft:dirt":31,"minecraft:terracotta":3,"minecraft:oak_leaves":20},"minecraft:custom":{"minecraft:mob_kills":20,"minecraft:interact_with_crafting_table":40,"minecraft:leave_game":13,"minecraft:time_since_death":107599,"minecraft:sprint_one_cm":267515,"minecraft:walk_one_cm":281470,"minecraft:damage_blocked_by_shield":485,"minecraft:drop":42,"minecraft:deaths":1,"minecraft:sneak_time":17361,"minecraft:walk_under_water_one_cm":1478,"minecraft:jump":2310,"minecraft:walk_on_water_one_cm":23067,"minecraft:interact_with_furnace":17,"minecraft:play_one_minute":140505,"minecraft:sleep_in_bed":1,"minecraft:time_since_rest":12811,"minecraft:damage_taken":1336,"minecraft:damage_dealt":4493,"minecraft:fly_one_cm":463184,"minecraft:swim_one_cm":27393,"minecraft:open_chest":33,"minecraft:crouch_one_cm":49328,"minecraft:fall_one_cm":56106},"minecraft:killed":{"minecraft:horse":1,"minecraft:skeleton":1,"minecraft:husk":3,"minecraft:pig":2,"minecraft:creeper":1,"minecraft:zombie":11,"minecraft:cow":1},"minecraft:killed_by":{"minecraft:zombie":1},"minecraft:picked_up":{"minecraft:crafting_table":7,"minecraft:wheat":5,"minecraft:azure_bluet":4,"minecraft:oak_stairs":2,"minecraft:golden_shovel":2,"minecraft:brewing_stand":1,"minecraft:oak_sign":1,"minecraft:beetroot":4,"minecraft:beef":1,"minecraft:sugar_cane":16,"minecraft:birch_sapling":2,"minecraft:furnace":2,"minecraft:golden_helmet":1,"minecraft:stick":16,"minecraft:sandstone":21,"minecraft:torch":2,"minecraft:porkchop":4,"minecraft:diorite":12,"minecraft:carrot":13,"minecraft:redstone":38,"minecraft:stone_pressure_plate":1,"minecraft:tnt":9,"minecraft:rotten_flesh":18,"minecraft:beetroot_seeds":9,"minecraft:hay_block":31,"minecraft:saddle":2,"minecraft:obsidian":2,"minecraft:cobblestone":276,"minecraft:birch_log":18,"minecraft:andesite":5,"minecraft:leather":1,"minecraft:golden_leggings":1,"minecraft:potato":38,"minecraft:birch_planks":10,"minecraft:oak_log":43,"minecraft:yellow_bed":3,"minecraft:gunpowder":2,"minecraft:dirt":106,"minecraft:orange_terracotta":1,"minecraft:apple":3,"minecraft:wheat_seeds":30,"minecraft:iron_ore":99,"minecraft:oak_planks":29,"minecraft:book":2,"minecraft:gravel":3,"minecraft:sand":27,"minecraft:white_bed":2,"minecraft:diamond":61,"minecraft:granite":12,"minecraft:terracotta":3,"minecraft:oak_sapling":13,"minecraft:coal":32},"minecraft:used":{"minecraft:stone_sword":13,"minecraft:stone_shovel":73,"minecraft:oak_sign":2,"minecraft:chest":4,"minecraft:shield":10,"minecraft:iron_sword":6,"minecraft:oak_door":2,"minecraft:torch":23,"minecraft:dirt":78,"minecraft:carrot":12,"minecraft:azure_bluet":3,"minecraft:glass":8,"minecraft:wooden_axe":23,"minecraft:oak_stairs":34,"minecraft:oak_sapling":1,"minecraft:furnace":4,"minecraft:potato":14,"minecraft:cobblestone_stairs":4,"minecraft:birch_planks":54,"minecraft:stone_pickaxe":44,"minecraft:oak_planks":153,"minecraft:wooden_pickaxe":13,"minecraft:sandstone":13,"minecraft:crafting_table":9,"minecraft:white_bed":1,"minecraft:diamond_pickaxe":85,"minecraft:bread":33,"minecraft:iron_pickaxe":334,"minecraft:gravel":1,"minecraft:stone_axe":70,"minecraft:diamond_sword":82,"minecraft:cobblestone":81,"minecraft:yellow_bed":2},"minecraft:crafted":{"minecraft:oak_door":3,"minecraft:oak_planks":264,"minecraft:stone_shovel":1,"minecraft:oak_sign":3,"minecraft:furnace":3,"minecraft:cobblestone_stairs":4,"minecraft:glass":11,"minecraft:diamond_leggings":1,"minecraft:iron_boots":1,"minecraft:stone_pickaxe":1,"minecraft:chest":4,"minecraft:wheat":279,"minecraft:diamond_sword":1,"minecraft:crafting_table":3,"minecraft:wooden_pickaxe":1,"minecraft:iron_helmet":1,"minecraft:iron_sword":2,"minecraft:birch_planks":72,"minecraft:stone_axe":1,"minecraft:bread":93,"minecraft:air":0,"minecraft:iron_chestplate":1,"minecraft:diamond_pickaxe":1,"minecraft:shield":2,"minecraft:stick":28,"minecraft:iron_ingot":10,"minecraft:iron_pickaxe":2,"minecraft:oak_stairs":32,"minecraft:wooden_axe":1,"minecraft:stone_sword":1,"minecraft:iron_leggings":1,"minecraft:torch":40,"minecraft:diamond_chestplate":1},"minecraft:dropped":{"minecraft:iron_ingot":14,"minecraft:bread":29,"minecraft:wheat_seeds":6,"minecraft:oak_log":7,"minecraft:diamond":6,"minecraft:diamond_leggings":1,"minecraft:stick":1,"minecraft:rotten_flesh":1,"minecraft:azure_bluet":1,"minecraft:oak_sapling":1,"minecraft:iron_ore":34}},"DataVersion":2586}