{"stats":{"minecraft:mined":{"minecraft:grass":4,"minecraft:oak_log":8,"minecraft:tall_grass":1,"minecraft:oak_leaves":5,"minecraft:azure_bluet":4,"minecraft:crafting_table":1},"minecraft:custom":{"minecraft:time_since_rest":14046,"minecraft:crouch_one_cm":1489,"minecraft:play_one_minute":14046,"minecraft:sprint_one_cm":16028,"minecraft:damage_taken":170,"minecraft:walk_one_cm":19996,"minecraft:sneak_time":698,"minecraft:mob_kills":1,"minecraft:drop":3,"minecraft:jump":144,"minecraft:damage_dealt":230,"minecraft:leave_game":1,"minecraft:time_since_death":14046,"minecraft:interact_with_crafting_table":1,"minecraft:fall_one_cm":2984,"minecraft:fly_one_cm":34433},"minecraft:killed":{"minecraft:horse":1},"minecraft:picked_up":{"minecraft:crafting_table":1,"minecraft:stick":6,"minecraft:azure_bluet":4,"minecraft:wheat_seeds":2,"minecraft:oak_log":8,"minecraft:oak_sapling":1},"minecraft:used":{"minecraft:wooden_axe":12,"minecraft:crafting_table":1,"minecraft:bread":4,"minecraft:azure_bluet":3},"minecraft:dropped":{"minecraft:wheat_seeds":1,"minecraft:oak_sapling":1,"minecraft:stick":1},"minecraft:crafted":{"minecraft:oak_planks":16,"minecraft:crafting_table":1,"minecraft:stick":12,"minecraft:wooden_pickaxe":1,"minecraft:wooden_axe":1}},"DataVersion":2586}