{"stats":{"minecraft:mined":{"minecraft:diamond_ore":31,"minecraft:cut_sandstone":6,"minecraft:stone_pressure_plate":1,"minecraft:orange_terracotta":1,"minecraft:brewing_stand":1,"minecraft:crafting_table":7,"minecraft:granite":13,"minecraft:grass_block":24,"minecraft:dead_bush":4,"minecraft:tall_grass":4,"minecraft:cobblestone":1,"minecraft:sugar_cane":8,"minecraft:oak_planks":6,"minecraft:diorite":12,"minecraft:sandstone":21,"minecraft:hay_block":31,"minecraft:redstone_ore":9,"minecraft:furnace":2,"minecraft:iron_ore":65,"minecraft:andesite":3,"minecraft:tnt":9,"minecraft:azure_bluet":4,"minecraft:grass":27,"minecraft:coal_ore":32,"minecraft:oak_log":24,"minecraft:gravel":2,"minecraft:dirt":24,"minecraft:terracotta":3,"minecraft:stone":262,"minecraft:oak_leaves":12},"minecraft:custom":{"minecraft:interact_with_furnace":10,"minecraft:mob_kills":19,"minecraft:interact_with_crafting_table":21,"minecraft:play_one_minute":104944,"minecraft:leave_game":9,"minecraft:time_since_death":72038,"minecraft:time_since_rest":72058,"minecraft:sprint_one_cm":208574,"minecraft:damage_taken":1194,"minecraft:walk_one_cm":169019,"minecraft:damage_blocked_by_shield":485,"minecraft:drop":42,"minecraft:damage_dealt":4276,"minecraft:swim_one_cm":27393,"minecraft:fly_one_cm":416026,"minecraft:open_chest":10,"minecraft:crouch_one_cm":37431,"minecraft:deaths":1,"minecraft:sneak_time":13029,"minecraft:walk_under_water_one_cm":1478,"minecraft:jump":1996,"minecraft:walk_on_water_one_cm":23004,"minecraft:fall_one_cm":47563},"minecraft:killed":{"minecraft:husk":3,"minecraft:pig":2,"minecraft:creeper":1,"minecraft:horse":1,"minecraft:skeleton":1,"minecraft:zombie":10,"minecraft:cow":1},"minecraft:killed_by":{"minecraft:zombie":1},"minecraft:picked_up":{"minecraft:crafting_table":7,"minecraft:azure_bluet":4,"minecraft:andesite":5,"minecraft:leather":1,"minecraft:oak_log":22,"minecraft:brewing_stand":1,"minecraft:gunpowder":2,"minecraft:dirt":49,"minecraft:orange_terracotta":1,"minecraft:apple":3,"minecraft:wheat_seeds":9,"minecraft:beef":1,"minecraft:iron_ore":65,"minecraft:sugar_cane":16,"minecraft:oak_planks":6,"minecraft:furnace":2,"minecraft:stick":10,"minecraft:sandstone":21,"minecraft:gravel":3,"minecraft:porkchop":2,"minecraft:diorite":12,"minecraft:redstone":38,"minecraft:stone_pressure_plate":1,"minecraft:tnt":9,"minecraft:rotten_flesh":18,"minecraft:diamond":55,"minecraft:hay_block":31,"minecraft:granite":12,"minecraft:saddle":1,"minecraft:terracotta":3,"minecraft:oak_sapling":7,"minecraft:coal":32,"minecraft:cobblestone":275},"minecraft:used":{"minecraft:stone_sword":13,"minecraft:stone_pickaxe":44,"minecraft:oak_planks":88,"minecraft:shield":10,"minecraft:wooden_pickaxe":13,"minecraft:sandstone":13,"minecraft:iron_sword":6,"minecraft:torch":5,"minecraft:dirt":11,"minecraft:crafting_table":7,"minecraft:azure_bluet":3,"minecraft:wooden_axe":23,"minecraft:diamond_pickaxe":84,"minecraft:bread":28,"minecraft:iron_pickaxe":334,"minecraft:gravel":1,"minecraft:diamond_sword":51,"minecraft:cobblestone":56,"minecraft:furnace":2,"minecraft:oak_sapling":1},"minecraft:crafted":{"minecraft:oak_planks":180,"minecraft:diamond_sword":1,"minecraft:crafting_table":2,"minecraft:wooden_pickaxe":1,"minecraft:iron_helmet":1,"minecraft:iron_sword":2,"minecraft:furnace":2,"minecraft:bread":93,"minecraft:air":0,"minecraft:diamond_leggings":1,"minecraft:iron_boots":1,"minecraft:iron_chestplate":1,"minecraft:diamond_pickaxe":1,"minecraft:shield":2,"minecraft:stick":28,"minecraft:iron_ingot":10,"minecraft:stone_pickaxe":1,"minecraft:iron_pickaxe":2,"minecraft:wooden_axe":1,"minecraft:stone_sword":1,"minecraft:iron_leggings":1,"minecraft:torch":40,"minecraft:diamond_chestplate":1,"minecraft:wheat":279},"minecraft:dropped":{"minecraft:iron_ingot":14,"minecraft:bread":29,"minecraft:wheat_seeds":6,"minecraft:oak_log":7,"minecraft:diamond":6,"minecraft:diamond_leggings":1,"minecraft:rotten_flesh":1,"minecraft:azure_bluet":1,"minecraft:stick":1,"minecraft:oak_sapling":1,"minecraft:iron_ore":34}},"DataVersion":2586}