{"stats":{"minecraft:mined":{"minecraft:diamond_ore":31,"minecraft:stone_pressure_plate":1,"minecraft:white_bed":2,"minecraft:brewing_stand":1,"minecraft:granite":13,"minecraft:grass_block":82,"minecraft:sandstone":21,"minecraft:hay_block":31,"minecraft:redstone_ore":9,"minecraft:furnace":2,"minecraft:carrots":5,"minecraft:iron_ore":65,"minecraft:andesite":3,"minecraft:azure_bluet":5,"minecraft:potatoes":5,"minecraft:oak_sign":1,"minecraft:oak_stairs":2,"minecraft:stone":262,"minecraft:cut_sandstone":6,"minecraft:orange_terracotta":1,"minecraft:crafting_table":7,"minecraft:dead_bush":5,"minecraft:cobblestone":23,"minecraft:tall_grass":5,"minecraft:sugar_cane":8,"minecraft:oak_planks":29,"minecraft:diorite":12,"minecraft:wall_torch":1,"minecraft:birch_planks":4,"minecraft:birch_log":18,"minecraft:wheat":12,"minecraft:birch_leaves":1,"minecraft:tnt":9,"minecraft:grass_path":2,"minecraft:yellow_bed":2,"minecraft:grass":50,"minecraft:coal_ore":32,"minecraft:oak_log":45,"minecraft:beetroots":4,"minecraft:gravel":2,"minecraft:sand":28,"minecraft:dirt":31,"minecraft:terracotta":3,"minecraft:oak_leaves":20},"minecraft:custom":{"minecraft:mob_kills":23,"minecraft:interact_with_crafting_table":40,"minecraft:bell_ring":28,"minecraft:leave_game":14,"minecraft:time_since_death":71802,"minecraft:sprint_one_cm":327053,"minecraft:walk_one_cm":468786,"minecraft:damage_blocked_by_shield":1564,"minecraft:drop":83,"minecraft:deaths":11,"minecraft:sneak_time":22082,"minecraft:walk_under_water_one_cm":1478,"minecraft:jump":3078,"minecraft:walk_on_water_one_cm":23649,"minecraft:interact_with_furnace":17,"minecraft:play_one_minute":241989,"minecraft:sleep_in_bed":2,"minecraft:time_since_rest":5333,"minecraft:damage_taken":4640,"minecraft:damage_dealt":6706,"minecraft:player_kills":2,"minecraft:swim_one_cm":27393,"minecraft:fly_one_cm":679269,"minecraft:open_chest":40,"minecraft:crouch_one_cm":64753,"minecraft:fall_one_cm":71350},"minecraft:killed":{"minecraft:horse":1,"minecraft:skeleton":2,"minecraft:husk":4,"minecraft:pig":2,"minecraft:creeper":1,"minecraft:zombie":12,"minecraft:cow":1},"minecraft:killed_by":{"minecraft:player":10,"minecraft:zombie":1},"minecraft:picked_up":{"minecraft:crafting_table":8,"minecraft:iron_chestplate":10,"minecraft:wheat":5,"minecraft:azure_bluet":5,"minecraft:wooden_pickaxe":1,"minecraft:diamond_sword":1,"minecraft:oak_stairs":2,"minecraft:golden_shovel":2,"minecraft:chain":1,"minecraft:brewing_stand":1,"minecraft:shield":8,"minecraft:iron_leggings":10,"minecraft:oak_sign":1,"minecraft:beetroot":4,"minecraft:beef":1,"minecraft:sugar_cane":16,"minecraft:birch_sapling":2,"minecraft:iron_boots":9,"minecraft:furnace":2,"minecraft:golden_helmet":1,"minecraft:stick":21,"minecraft:sandstone":21,"minecraft:torch":3,"minecraft:porkchop":5,"minecraft:diorite":12,"minecraft:carrot":13,"minecraft:redstone":38,"minecraft:stone_pressure_plate":1,"minecraft:tnt":9,"minecraft:diamond_chestplate":1,"minecraft:arrow":8,"minecraft:stone_sword":8,"minecraft:cactus":5,"minecraft:rotten_flesh":19,"minecraft:beetroot_seeds":9,"minecraft:hay_block":31,"minecraft:saddle":4,"minecraft:obsidian":2,"minecraft:cobblestone":371,"minecraft:white_wool":1,"minecraft:birch_log":18,"minecraft:andesite":5,"minecraft:leather":2,"minecraft:golden_leggings":1,"minecraft:potato":38,"minecraft:birch_planks":10,"minecraft:oak_log":45,"minecraft:yellow_bed":3,"minecraft:gunpowder":10,"minecraft:dirt":116,"minecraft:orange_terracotta":1,"minecraft:bone":4,"minecraft:apple":3,"minecraft:wheat_seeds":33,"minecraft:bell":1,"minecraft:iron_ingot":127,"minecraft:iron_ore":99,"minecraft:oak_planks":38,"minecraft:iron_sword":2,"minecraft:book":2,"minecraft:red_wool":5,"minecraft:gravel":3,"minecraft:sand":193,"minecraft:blast_furnace":1,"minecraft:white_bed":2,"minecraft:grass_block":1,"minecraft:diamond":67,"minecraft:stone_axe":8,"minecraft:iron_helmet":10,"minecraft:granite":12,"minecraft:bread":298,"minecraft:terracotta":3,"minecraft:oak_sapling":13,"minecraft:coal":32},"minecraft:used":{"minecraft:netherite_sword":5,"minecraft:stone_sword":50,"minecraft:iron_shovel":8,"minecraft:stone_shovel":73,"minecraft:oak_sign":2,"minecraft:chest":5,"minecraft:shield":26,"minecraft:iron_sword":6,"minecraft:bell":1,"minecraft:oak_door":2,"minecraft:torch":23,"minecraft:dirt":83,"minecraft:carrot":12,"minecraft:azure_bluet":3,"minecraft:glass":8,"minecraft:wooden_axe":23,"minecraft:red_wool":126,"minecraft:oak_stairs":34,"minecraft:oak_sapling":1,"minecraft:furnace":4,"minecraft:potato":14,"minecraft:cobblestone_stairs":4,"minecraft:birch_planks":54,"minecraft:stone_pickaxe":44,"minecraft:oak_planks":153,"minecraft:wooden_pickaxe":13,"minecraft:sandstone":13,"minecraft:sand":45,"minecraft:crafting_table":9,"minecraft:white_bed":1,"minecraft:oak_log":14,"minecraft:diamond_pickaxe":107,"minecraft:bread":47,"minecraft:iron_pickaxe":334,"minecraft:gravel":1,"minecraft:stone_axe":75,"minecraft:diamond_sword":90,"minecraft:cobblestone":143,"minecraft:chain":75,"minecraft:yellow_bed":2},"minecraft:crafted":{"minecraft:oak_door":3,"minecraft:oak_planks":264,"minecraft:stone_shovel":1,"minecraft:oak_sign":3,"minecraft:furnace":3,"minecraft:cobblestone_stairs":4,"minecraft:glass":11,"minecraft:diamond_leggings":1,"minecraft:iron_boots":1,"minecraft:stone_pickaxe":1,"minecraft:chest":4,"minecraft:wheat":279,"minecraft:diamond_sword":1,"minecraft:crafting_table":3,"minecraft:wooden_pickaxe":1,"minecraft:iron_helmet":1,"minecraft:iron_sword":2,"minecraft:birch_planks":72,"minecraft:stone_axe":1,"minecraft:bread":93,"minecraft:air":0,"minecraft:iron_chestplate":1,"minecraft:diamond_pickaxe":1,"minecraft:shield":2,"minecraft:stick":28,"minecraft:iron_ingot":10,"minecraft:iron_pickaxe":2,"minecraft:oak_stairs":32,"minecraft:wooden_axe":1,"minecraft:stone_sword":1,"minecraft:iron_leggings":1,"minecraft:torch":40,"minecraft:diamond_chestplate":1},"minecraft:dropped":{"minecraft:bread":221,"minecraft:iron_ingot":142,"minecraft:iron_sword":3,"minecraft:wheat_seeds":6,"minecraft:oak_log":7,"minecraft:diamond":12,"minecraft:diamond_leggings":1,"minecraft:iron_helmet":3,"minecraft:cobblestone":320,"minecraft:saddle":2,"minecraft:grass_block":1,"minecraft:stick":2,"minecraft:iron_leggings":3,"minecraft:chain":1,"minecraft:iron_axe":1,"minecraft:stone_axe":1,"minecraft:rotten_flesh":2,"minecraft:iron_boots":3,"minecraft:azure_bluet":2,"minecraft:blast_furnace":1,"minecraft:diamond_sword":1,"minecraft:shield":1,"minecraft:gunpowder":1,"minecraft:diamond_chestplate":1,"minecraft:iron_chestplate":3,"minecraft:oak_sapling":1,"minecraft:iron_ore":34,"minecraft:bell":1}},"DataVersion":2586}