{"stats":{"minecraft:mined":{"minecraft:grass":3,"minecraft:hay_block":6,"minecraft:sand":1,"minecraft:wheat":8,"minecraft:cyan_bed":2,"minecraft:white_wool":2},"minecraft:custom":{"minecraft:open_chest":2,"minecraft:time_since_rest":3480,"minecraft:crouch_one_cm":271,"minecraft:play_one_minute":17956,"minecraft:interact_with_loom":1,"minecraft:sprint_one_cm":55678,"minecraft:walk_one_cm":19989,"minecraft:damage_taken":945,"minecraft:deaths":3,"minecraft:sneak_time":161,"minecraft:walk_under_water_one_cm":397,"minecraft:drop":3,"minecraft:jump":594,"minecraft:damage_dealt":40,"minecraft:time_since_death":3459,"minecraft:walk_on_water_one_cm":2123,"minecraft:interact_with_smoker":1,"minecraft:swim_one_cm":1882,"minecraft:interact_with_crafting_table":1,"minecraft:fall_one_cm":20341,"minecraft:fly_one_cm":146809},"minecraft:killed_by":{"minecraft:zombie":1},"minecraft:picked_up":{"minecraft:wheat":7,"minecraft:cactus":3,"minecraft:wheat_seeds":20,"minecraft:rabbit_hide":2,"minecraft:hay_block":6,"minecraft:sand":1,"minecraft:cyan_bed":2,"minecraft:mutton":1,"minecraft:white_wool":4},"minecraft:used":{"minecraft:white_wool":2,"minecraft:sand":1,"minecraft:mutton":1,"minecraft:bread":5,"minecraft:cyan_bed":1,"minecraft:cactus":3},"minecraft:crafted":{"minecraft:bread":21,"minecraft:wheat":54},"minecraft:dropped":{"minecraft:rabbit_hide":2,"minecraft:white_wool":1}},"DataVersion":2586}