{"stats":{"minecraft:mined":{"minecraft:glass_pane":2,"minecraft:red_wool":1,"minecraft:torch":1,"minecraft:acacia_log":4,"minecraft:grass_block":32,"minecraft:dead_bush":34,"minecraft:tall_grass":11,"minecraft:cyan_bed":6,"minecraft:hay_block":6,"minecraft:cactus":2,"minecraft:wheat":8,"minecraft:grass":39,"minecraft:sand":11,"minecraft:dirt":6,"minecraft:white_wool":2},"minecraft:custom":{"minecraft:mob_kills":5,"minecraft:interact_with_crafting_table":1,"minecraft:play_one_minute":74737,"minecraft:interact_with_loom":1,"minecraft:bell_ring":63,"minecraft:leave_game":4,"minecraft:time_since_death":10576,"minecraft:sleep_in_bed":1,"minecraft:time_since_rest":10596,"minecraft:sprint_one_cm":200891,"minecraft:damage_taken":4465,"minecraft:walk_one_cm":116118,"minecraft:damage_blocked_by_shield":709,"minecraft:drop":38,"minecraft:damage_dealt":2610,"minecraft:swim_one_cm":31352,"minecraft:talked_to_villager":1,"minecraft:fly_one_cm":475727,"minecraft:player_kills":4,"minecraft:open_chest":2,"minecraft:crouch_one_cm":4446,"minecraft:deaths":15,"minecraft:sneak_time":1875,"minecraft:walk_under_water_one_cm":1197,"minecraft:jump":2392,"minecraft:walk_on_water_one_cm":7217,"minecraft:interact_with_smoker":6,"minecraft:fall_one_cm":64110},"minecraft:killed":{"minecraft:pig":2,"minecraft:skeleton":1,"minecraft:trader_llama":2},"minecraft:killed_by":{"minecraft:player":4,"minecraft:skeleton":3,"minecraft:spider":1,"minecraft:zombie":2},"minecraft:picked_up":{"minecraft:wooden_axe":1,"minecraft:iron_chestplate":4,"minecraft:wheat":7,"minecraft:leather":3,"minecraft:lead":1,"minecraft:diamond_sword":1,"minecraft:wooden_pickaxe":1,"minecraft:oak_log":1,"minecraft:chain":2,"minecraft:shield":4,"minecraft:gunpowder":8,"minecraft:dirt":38,"minecraft:string":1,"minecraft:iron_leggings":4,"minecraft:bone":4,"minecraft:wheat_seeds":31,"minecraft:rabbit_hide":2,"minecraft:beef":1,"minecraft:stone_pickaxe":1,"minecraft:oak_planks":2,"minecraft:iron_boots":4,"minecraft:stick":33,"minecraft:red_wool":3,"minecraft:torch":4,"minecraft:acacia_log":4,"minecraft:porkchop":12,"minecraft:sand":95,"minecraft:cyan_bed":5,"minecraft:spider_eye":3,"minecraft:stone_sword":3,"minecraft:arrow":7,"minecraft:cactus":17,"minecraft:rotten_flesh":5,"minecraft:stone_axe":5,"minecraft:hay_block":6,"minecraft:iron_helmet":4,"minecraft:gray_wool":1,"minecraft:bread":184,"minecraft:oak_sapling":1,"minecraft:mutton":4,"minecraft:coal":4,"minecraft:white_wool":5},"minecraft:used":{"minecraft:stone_sword":1,"minecraft:acacia_log":3,"minecraft:cactus":14,"minecraft:shield":9,"minecraft:rotten_flesh":5,"minecraft:white_wool":2,"minecraft:dirt":38,"minecraft:sand":39,"minecraft:mutton":1,"minecraft:red_wool":1,"minecraft:bread":17,"minecraft:cyan_bed":4,"minecraft:stone_axe":9,"minecraft:diamond_sword":18,"minecraft:beef":1,"minecraft:cooked_porkchop":3,"minecraft:chain":1},"minecraft:crafted":{"minecraft:cooked_porkchop":5,"minecraft:bread":21,"minecraft:air":0,"minecraft:acacia_planks":4,"minecraft:wheat":54},"minecraft:dropped":{"minecraft:bread":15,"minecraft:wheat_seeds":8,"minecraft:rabbit_hide":2,"minecraft:gunpowder":4,"minecraft:spider_eye":3,"minecraft:sand":2,"minecraft:arrow":1,"minecraft:cactus":1,"minecraft:white_wool":1,"minecraft:bone":1}},"DataVersion":2586}