{"stats":{"minecraft:mined":{"minecraft:hay_block":6,"minecraft:cactus":1,"minecraft:glass_pane":2,"minecraft:wheat":8,"minecraft:torch":1,"minecraft:grass":39,"minecraft:acacia_log":4,"minecraft:grass_block":32,"minecraft:dead_bush":33,"minecraft:sand":4,"minecraft:dirt":6,"minecraft:tall_grass":11,"minecraft:cyan_bed":2,"minecraft:white_wool":2},"minecraft:custom":{"minecraft:time_since_rest":5300,"minecraft:sprint_one_cm":144846,"minecraft:damage_taken":2583,"minecraft:walk_one_cm":72466,"minecraft:mob_kills":2,"minecraft:drop":9,"minecraft:damage_dealt":811,"minecraft:swim_one_cm":4806,"minecraft:interact_with_crafting_table":1,"minecraft:fly_one_cm":366114,"minecraft:open_chest":2,"minecraft:play_one_minute":50904,"minecraft:crouch_one_cm":2788,"minecraft:interact_with_loom":1,"minecraft:deaths":10,"minecraft:sneak_time":985,"minecraft:walk_under_water_one_cm":836,"minecraft:jump":1647,"minecraft:leave_game":4,"minecraft:time_since_death":5280,"minecraft:walk_on_water_one_cm":4302,"minecraft:interact_with_smoker":6,"minecraft:fall_one_cm":42536},"minecraft:killed":{"minecraft:pig":2},"minecraft:killed_by":{"minecraft:skeleton":2,"minecraft:spider":1,"minecraft:zombie":2},"minecraft:picked_up":{"minecraft:wooden_axe":1,"minecraft:stick":33,"minecraft:wheat":7,"minecraft:leather":3,"minecraft:torch":4,"minecraft:acacia_log":4,"minecraft:wooden_pickaxe":1,"minecraft:porkchop":12,"minecraft:sand":4,"minecraft:cyan_bed":2,"minecraft:string":1,"minecraft:dirt":38,"minecraft:cactus":10,"minecraft:stone_axe":1,"minecraft:wheat_seeds":30,"minecraft:rabbit_hide":2,"minecraft:hay_block":6,"minecraft:beef":1,"minecraft:stone_pickaxe":1,"minecraft:gray_wool":1,"minecraft:oak_sapling":1,"minecraft:mutton":4,"minecraft:oak_planks":2,"minecraft:coal":4,"minecraft:white_wool":5},"minecraft:used":{"minecraft:acacia_log":3,"minecraft:cyan_bed":1,"minecraft:bread":5,"minecraft:cactus":10,"minecraft:stone_axe":4,"minecraft:white_wool":2,"minecraft:dirt":38,"minecraft:sand":4,"minecraft:mutton":1,"minecraft:beef":1,"minecraft:cooked_porkchop":3},"minecraft:crafted":{"minecraft:cooked_porkchop":5,"minecraft:acacia_planks":4,"minecraft:bread":21,"minecraft:air":0,"minecraft:wheat":54},"minecraft:dropped":{"minecraft:rabbit_hide":2,"minecraft:wheat_seeds":6,"minecraft:white_wool":1}},"DataVersion":2586}