{"stats":{"minecraft:mined":{"minecraft:hay_block":6,"minecraft:sand":1,"minecraft:wheat":8,"minecraft:cyan_bed":1},"minecraft:custom":{"minecraft:open_chest":1,"minecraft:time_since_rest":5018,"minecraft:play_one_minute":5990,"minecraft:interact_with_loom":1,"minecraft:sprint_one_cm":14732,"minecraft:walk_one_cm":9836,"minecraft:damage_taken":310,"minecraft:deaths":1,"minecraft:walk_under_water_one_cm":82,"minecraft:jump":145,"minecraft:time_since_death":4998,"minecraft:walk_on_water_one_cm":467,"minecraft:swim_one_cm":1185,"minecraft:fall_one_cm":4647,"minecraft:fly_one_cm":35226},"minecraft:killed_by":{"minecraft:zombie":1},"minecraft:picked_up":{"minecraft:wheat":7,"minecraft:wheat_seeds":20,"minecraft:hay_block":6,"minecraft:sand":1,"minecraft:cyan_bed":1,"minecraft:mutton":1,"minecraft:white_wool":1},"minecraft:used":{"minecraft:sand":1,"minecraft:cyan_bed":1}},"DataVersion":2586}