{"stats":{"minecraft:mined":{"minecraft:glass_pane":2,"minecraft:red_wool":1,"minecraft:torch":1,"minecraft:acacia_log":4,"minecraft:grass_block":32,"minecraft:melon":16,"minecraft:dead_bush":39,"minecraft:tall_grass":15,"minecraft:cyan_bed":6,"minecraft:hay_block":6,"minecraft:cactus":2,"minecraft:wheat":52,"minecraft:grass":58,"minecraft:sand":11,"minecraft:dirt":6,"minecraft:white_wool":2,"minecraft:oak_leaves":1},"minecraft:custom":{"minecraft:mob_kills":5,"minecraft:interact_with_crafting_table":1,"minecraft:play_one_minute":86278,"minecraft:interact_with_loom":1,"minecraft:bell_ring":63,"minecraft:leave_game":5,"minecraft:time_since_death":8876,"minecraft:sleep_in_bed":1,"minecraft:climb_one_cm":1711,"minecraft:time_since_rest":8896,"minecraft:sprint_one_cm":255060,"minecraft:damage_taken":5055,"minecraft:walk_one_cm":126591,"minecraft:damage_blocked_by_shield":1062,"minecraft:drop":40,"minecraft:damage_dealt":2754,"minecraft:swim_one_cm":41062,"minecraft:talked_to_villager":3,"minecraft:fly_one_cm":587725,"minecraft:player_kills":4,"minecraft:open_chest":3,"minecraft:crouch_one_cm":4485,"minecraft:deaths":16,"minecraft:sneak_time":2057,"minecraft:walk_under_water_one_cm":2265,"minecraft:jump":2884,"minecraft:walk_on_water_one_cm":12329,"minecraft:interact_with_smoker":6,"minecraft:fall_one_cm":83478},"minecraft:killed":{"minecraft:pig":2,"minecraft:skeleton":1,"minecraft:trader_llama":2},"minecraft:killed_by":{"minecraft:player":5,"minecraft:skeleton":3,"minecraft:spider":1,"minecraft:zombie":2},"minecraft:picked_up":{"minecraft:wooden_axe":1,"minecraft:iron_chestplate":4,"minecraft:wheat":40,"minecraft:leather":3,"minecraft:lead":1,"minecraft:diamond_sword":1,"minecraft:wooden_pickaxe":1,"minecraft:oak_log":1,"minecraft:chain":2,"minecraft:shield":4,"minecraft:gunpowder":8,"minecraft:dirt":38,"minecraft:string":1,"minecraft:iron_leggings":4,"minecraft:bone":4,"minecraft:wheat_seeds":119,"minecraft:rabbit_hide":2,"minecraft:beef":1,"minecraft:stone_pickaxe":1,"minecraft:melon_slice":77,"minecraft:oak_planks":2,"minecraft:iron_boots":4,"minecraft:stick":35,"minecraft:red_wool":3,"minecraft:torch":4,"minecraft:acacia_log":4,"minecraft:porkchop":12,"minecraft:sand":95,"minecraft:cyan_bed":5,"minecraft:spider_eye":3,"minecraft:stone_sword":3,"minecraft:arrow":7,"minecraft:cactus":17,"minecraft:rotten_flesh":5,"minecraft:stone_axe":5,"minecraft:hay_block":6,"minecraft:iron_helmet":4,"minecraft:gray_wool":1,"minecraft:bread":184,"minecraft:oak_sapling":1,"minecraft:melon_seeds":1,"minecraft:mutton":4,"minecraft:coal":4,"minecraft:white_wool":5},"minecraft:used":{"minecraft:stone_sword":1,"minecraft:acacia_log":3,"minecraft:cactus":14,"minecraft:shield":15,"minecraft:rotten_flesh":5,"minecraft:white_wool":2,"minecraft:dirt":38,"minecraft:sand":39,"minecraft:mutton":1,"minecraft:red_wool":1,"minecraft:melon_slice":11,"minecraft:bread":20,"minecraft:cyan_bed":4,"minecraft:stone_axe":9,"minecraft:diamond_sword":21,"minecraft:beef":1,"minecraft:cooked_porkchop":3,"minecraft:chain":1},"minecraft:crafted":{"minecraft:cooked_porkchop":5,"minecraft:bread":21,"minecraft:air":0,"minecraft:acacia_planks":4,"minecraft:wheat":54},"minecraft:dropped":{"minecraft:bread":15,"minecraft:wheat_seeds":9,"minecraft:stick":1,"minecraft:rabbit_hide":2,"minecraft:gunpowder":4,"minecraft:spider_eye":3,"minecraft:sand":2,"minecraft:arrow":1,"minecraft:cactus":1,"minecraft:white_wool":1,"minecraft:bone":1}},"DataVersion":2586}