{"stats":{"minecraft:mined":{"minecraft:hay_block":6,"minecraft:cactus":1,"minecraft:glass_pane":2,"minecraft:wheat":8,"minecraft:torch":1,"minecraft:grass":24,"minecraft:acacia_log":4,"minecraft:grass_block":29,"minecraft:sand":4,"minecraft:dirt":5,"minecraft:tall_grass":4,"minecraft:cyan_bed":2,"minecraft:white_wool":2},"minecraft:custom":{"minecraft:time_since_rest":1383,"minecraft:sprint_one_cm":87016,"minecraft:damage_taken":1770,"minecraft:walk_one_cm":52008,"minecraft:mob_kills":2,"minecraft:drop":8,"minecraft:damage_dealt":646,"minecraft:swim_one_cm":4806,"minecraft:interact_with_crafting_table":1,"minecraft:fly_one_cm":213825,"minecraft:open_chest":2,"minecraft:crouch_one_cm":2788,"minecraft:play_one_minute":37311,"minecraft:interact_with_loom":1,"minecraft:deaths":7,"minecraft:sneak_time":985,"minecraft:walk_under_water_one_cm":751,"minecraft:jump":1006,"minecraft:leave_game":2,"minecraft:walk_on_water_one_cm":3087,"minecraft:time_since_death":1363,"minecraft:interact_with_smoker":6,"minecraft:fall_one_cm":28077},"minecraft:killed":{"minecraft:pig":2},"minecraft:killed_by":{"minecraft:skeleton":1,"minecraft:spider":1,"minecraft:zombie":1},"minecraft:picked_up":{"minecraft:wheat":7,"minecraft:torch":1,"minecraft:acacia_log":4,"minecraft:porkchop":8,"minecraft:sand":4,"minecraft:cyan_bed":2,"minecraft:dirt":34,"minecraft:cactus":10,"minecraft:wheat_seeds":25,"minecraft:rabbit_hide":2,"minecraft:hay_block":6,"minecraft:mutton":1,"minecraft:white_wool":4},"minecraft:used":{"minecraft:acacia_log":3,"minecraft:cyan_bed":1,"minecraft:bread":5,"minecraft:cactus":4,"minecraft:white_wool":2,"minecraft:dirt":34,"minecraft:sand":4,"minecraft:mutton":1,"minecraft:cooked_porkchop":3},"minecraft:crafted":{"minecraft:cooked_porkchop":5,"minecraft:acacia_planks":4,"minecraft:bread":21,"minecraft:air":0,"minecraft:wheat":54},"minecraft:dropped":{"minecraft:rabbit_hide":2,"minecraft:wheat_seeds":5,"minecraft:white_wool":1}},"DataVersion":2586}