{"stats":{"minecraft:mined":{"minecraft:glass_pane":2,"minecraft:red_wool":1,"minecraft:torch":1,"minecraft:acacia_log":4,"minecraft:grass_block":32,"minecraft:dead_bush":34,"minecraft:tall_grass":11,"minecraft:cyan_bed":5,"minecraft:hay_block":6,"minecraft:cactus":2,"minecraft:wheat":8,"minecraft:grass":39,"minecraft:sand":11,"minecraft:dirt":6,"minecraft:white_wool":2},"minecraft:custom":{"minecraft:mob_kills":2,"minecraft:interact_with_crafting_table":1,"minecraft:play_one_minute":62776,"minecraft:interact_with_loom":1,"minecraft:bell_ring":63,"minecraft:leave_game":4,"minecraft:time_since_death":1269,"minecraft:sleep_in_bed":1,"minecraft:time_since_rest":1289,"minecraft:sprint_one_cm":166830,"minecraft:damage_taken":3859,"minecraft:walk_one_cm":98904,"minecraft:damage_blocked_by_shield":360,"minecraft:drop":34,"minecraft:damage_dealt":1146,"minecraft:swim_one_cm":4806,"minecraft:fly_one_cm":387220,"minecraft:open_chest":2,"minecraft:crouch_one_cm":3846,"minecraft:deaths":14,"minecraft:sneak_time":1557,"minecraft:walk_under_water_one_cm":836,"minecraft:jump":2000,"minecraft:walk_on_water_one_cm":4302,"minecraft:interact_with_smoker":6,"minecraft:fall_one_cm":53682},"minecraft:killed":{"minecraft:pig":2},"minecraft:killed_by":{"minecraft:player":3,"minecraft:skeleton":3,"minecraft:spider":1,"minecraft:zombie":2},"minecraft:picked_up":{"minecraft:wooden_axe":1,"minecraft:iron_chestplate":2,"minecraft:wheat":7,"minecraft:leather":3,"minecraft:wooden_pickaxe":1,"minecraft:oak_log":1,"minecraft:chain":2,"minecraft:shield":2,"minecraft:gunpowder":6,"minecraft:dirt":38,"minecraft:string":1,"minecraft:iron_leggings":2,"minecraft:bone":2,"minecraft:wheat_seeds":31,"minecraft:rabbit_hide":2,"minecraft:beef":1,"minecraft:stone_pickaxe":1,"minecraft:oak_planks":2,"minecraft:iron_boots":2,"minecraft:stick":33,"minecraft:red_wool":2,"minecraft:torch":4,"minecraft:acacia_log":4,"minecraft:porkchop":12,"minecraft:sand":65,"minecraft:cyan_bed":5,"minecraft:spider_eye":2,"minecraft:stone_sword":1,"minecraft:arrow":3,"minecraft:cactus":14,"minecraft:rotten_flesh":5,"minecraft:stone_axe":3,"minecraft:hay_block":6,"minecraft:iron_helmet":2,"minecraft:gray_wool":1,"minecraft:bread":126,"minecraft:oak_sapling":1,"minecraft:mutton":4,"minecraft:coal":4,"minecraft:white_wool":5},"minecraft:used":{"minecraft:stone_sword":1,"minecraft:acacia_log":3,"minecraft:cactus":14,"minecraft:shield":4,"minecraft:rotten_flesh":5,"minecraft:white_wool":2,"minecraft:dirt":38,"minecraft:sand":11,"minecraft:mutton":1,"minecraft:red_wool":1,"minecraft:bread":7,"minecraft:cyan_bed":4,"minecraft:stone_axe":9,"minecraft:beef":1,"minecraft:cooked_porkchop":3,"minecraft:chain":1},"minecraft:crafted":{"minecraft:cooked_porkchop":5,"minecraft:bread":21,"minecraft:air":0,"minecraft:acacia_planks":4,"minecraft:wheat":54},"minecraft:dropped":{"minecraft:bread":15,"minecraft:wheat_seeds":8,"minecraft:rabbit_hide":2,"minecraft:gunpowder":4,"minecraft:spider_eye":2,"minecraft:arrow":1,"minecraft:white_wool":1,"minecraft:bone":1}},"DataVersion":2586}