{"stats":{"minecraft:broken":{"minecraft:stone_pickaxe":1,"minecraft:wooden_sword":1,"minecraft:iron_pickaxe":1},"minecraft:mined":{"minecraft:diamond_ore":60,"minecraft:stone_pressure_plate":1,"minecraft:white_bed":6,"minecraft:mossy_cobblestone":1,"minecraft:oak_door":1,"minecraft:cobblestone_stairs":5,"minecraft:potted_cactus":1,"minecraft:granite":29,"minecraft:grass_block":22,"minecraft:redstone_wire":1,"minecraft:composter":16,"minecraft:oxeye_daisy":4,"minecraft:sandstone":12,"minecraft:hay_block":34,"minecraft:redstone_ore":5,"minecraft:furnace":2,"minecraft:iron_ore":64,"minecraft:andesite":18,"minecraft:fletching_table":2,"minecraft:oak_sign":1,"minecraft:stripped_oak_log":16,"minecraft:stone":363,"minecraft:cut_sandstone":1,"minecraft:glass_pane":5,"minecraft:kelp_plant":3,"minecraft:orange_terracotta":1,"minecraft:dandelion":3,"minecraft:crafting_table":7,"minecraft:smooth_sandstone":1,"minecraft:blast_furnace":2,"minecraft:poppy":2,"minecraft:chest":5,"minecraft:dead_bush":1,"minecraft:cobblestone":30,"minecraft:tall_grass":109,"minecraft:cyan_bed":2,"minecraft:grindstone":1,"minecraft:oak_planks":7,"minecraft:diorite":24,"minecraft:wall_torch":2,"minecraft:white_terracotta":62,"minecraft:lime_bed":1,"minecraft:birch_log":3,"minecraft:tnt":9,"minecraft:grass_path":1,"minecraft:yellow_bed":8,"minecraft:grass":430,"minecraft:oak_log":35,"minecraft:coal_ore":28,"minecraft:sunflower":1,"minecraft:gravel":2,"minecraft:sand":6,"minecraft:dirt":44},"minecraft:custom":{"minecraft:mob_kills":65,"minecraft:interact_with_crafting_table":50,"minecraft:bell_ring":3,"minecraft:leave_game":5,"minecraft:time_since_death":15564,"minecraft:climb_one_cm":2258,"minecraft:sprint_one_cm":363631,"minecraft:walk_one_cm":236943,"minecraft:damage_blocked_by_shield":299,"minecraft:drop":96,"minecraft:talked_to_villager":23,"minecraft:deaths":6,"minecraft:sneak_time":8160,"minecraft:walk_under_water_one_cm":1769,"minecraft:jump":3593,"minecraft:interact_with_blast_furnace":2,"minecraft:walk_on_water_one_cm":18064,"minecraft:interact_with_furnace":33,"minecraft:play_one_minute":139070,"minecraft:interact_with_grindstone":1,"minecraft:sleep_in_bed":3,"minecraft:time_since_rest":11297,"minecraft:damage_taken":2522,"minecraft:damage_dealt":12274,"minecraft:player_kills":2,"minecraft:swim_one_cm":16451,"minecraft:fly_one_cm":826885,"minecraft:open_chest":52,"minecraft:crouch_one_cm":23938,"minecraft:fall_one_cm":85415},"minecraft:killed":{"minecraft:witch":1,"minecraft:spider":2,"minecraft:skeleton":4,"minecraft:chicken":3,"minecraft:pig":6,"minecraft:iron_golem":1,"minecraft:creeper":2,"minecraft:squid":1,"minecraft:sheep":10,"minecraft:zombie":18,"minecraft:villager":8,"minecraft:enderman":2,"minecraft:cow":6},"minecraft:killed_by":{"minecraft:husk":1,"minecraft:zombie":1},"minecraft:picked_up":{"minecraft:iron_chestplate":1,"minecraft:crafting_table":9,"minecraft:chicken":4,"minecraft:wooden_pickaxe":1,"minecraft:shield":2,"minecraft:wooden_sword":1,"minecraft:iron_leggings":1,"minecraft:oak_sign":1,"minecraft:beef":12,"minecraft:poppy":4,"minecraft:chest":5,"minecraft:iron_boots":1,"minecraft:furnace":2,"minecraft:stick":5,"minecraft:sandstone":10,"minecraft:oak_door":3,"minecraft:composter":16,"minecraft:torch":6,"minecraft:porkchop":14,"minecraft:diorite":24,"minecraft:redstone":29,"minecraft:stone_pressure_plate":1,"minecraft:tnt":9,"minecraft:stone_sword":1,"minecraft:arrow":1,"minecraft:rotten_flesh":18,"minecraft:hay_block":40,"minecraft:white_terracotta":59,"minecraft:mutton":14,"minecraft:cobblestone":389,"minecraft:white_wool":9,"minecraft:oxeye_daisy":4,"minecraft:stripped_oak_log":16,"minecraft:birch_log":3,"minecraft:lime_bed":1,"minecraft:feather":4,"minecraft:cooked_beef":1,"minecraft:andesite":22,"minecraft:cut_sandstone":1,"minecraft:leather":1,"minecraft:oak_log":46,"minecraft:yellow_bed":8,"minecraft:cobblestone_stairs":5,"minecraft:dirt":88,"minecraft:orange_terracotta":1,"minecraft:bone":1,"minecraft:wheat_seeds":57,"minecraft:grindstone":1,"minecraft:iron_ingot":18,"minecraft:iron_ore":115,"minecraft:fletching_table":2,"minecraft:glowstone_dust":2,"minecraft:oak_planks":27,"minecraft:cooked_porkchop":5,"minecraft:dandelion":3,"minecraft:gravel":1,"minecraft:sand":3,"minecraft:blast_furnace":2,"minecraft:ink_sac":2,"minecraft:white_bed":6,"minecraft:cyan_bed":2,"minecraft:spider_eye":1,"minecraft:mossy_cobblestone":1,"minecraft:diamond":93,"minecraft:stone_axe":1,"minecraft:iron_helmet":1,"minecraft:granite":25,"minecraft:bread":128,"minecraft:oak_sapling":4,"minecraft:coal":44},"minecraft:used":{"minecraft:stone_sword":15,"minecraft:redstone":1,"minecraft:oak_sign":7,"minecraft:chest":8,"minecraft:shield":7,"minecraft:iron_sword":117,"minecraft:torch":4,"minecraft:dirt":42,"minecraft:golden_shovel":10,"minecraft:granite":19,"minecraft:lava_bucket":9,"minecraft:iron_axe":94,"minecraft:hay_block":5,"minecraft:furnace":3,"minecraft:cooked_beef":1,"minecraft:orange_terracotta":1,"minecraft:water_bucket":12,"minecraft:stone_pickaxe":131,"minecraft:oak_planks":107,"minecraft:wooden_pickaxe":12,"minecraft:cut_sandstone":1,"minecraft:sandstone":10,"minecraft:composter":15,"minecraft:fletching_table":2,"minecraft:diamond_axe":1,"minecraft:mossy_cobblestone":1,"minecraft:sand":1,"minecraft:crafting_table":16,"minecraft:lime_bed":1,"minecraft:blast_furnace":2,"minecraft:white_bed":6,"minecraft:diamond_pickaxe":1,"minecraft:apple":3,"minecraft:bread":28,"minecraft:cyan_bed":2,"minecraft:iron_pickaxe":598,"minecraft:gravel":1,"minecraft:stone_axe":7,"minecraft:diamond_sword":17,"minecraft:wooden_sword":80,"minecraft:cobblestone":293,"minecraft:cooked_porkchop":5,"minecraft:porkchop":3,"minecraft:andesite":13,"minecraft:bucket":22,"minecraft:yellow_bed":7},"minecraft:crafted":{"minecraft:wooden_sword":2,"minecraft:oak_planks":240,"minecraft:oak_sign":6,"minecraft:furnace":3,"minecraft:diamond_helmet":1,"minecraft:iron_boots":2,"minecraft:diamond_leggings":2,"minecraft:iron_axe":2,"minecraft:stone_pickaxe":1,"minecraft:chest":4,"minecraft:diamond_boots":1,"minecraft:wheat":252,"minecraft:diamond_sword":1,"minecraft:diamond_axe":1,"minecraft:crafting_table":9,"minecraft:wooden_pickaxe":1,"minecraft:iron_helmet":1,"minecraft:iron_sword":1,"minecraft:bucket":2,"minecraft:birch_planks":12,"minecraft:stone_axe":1,"minecraft:bread":81,"minecraft:air":0,"minecraft:iron_chestplate":2,"minecraft:diamond_pickaxe":1,"minecraft:yellow_dye":3,"minecraft:shield":1,"minecraft:stick":32,"minecraft:iron_ingot":45,"minecraft:iron_pickaxe":3,"minecraft:stone_sword":1,"minecraft:iron_leggings":1,"minecraft:light_gray_dye":3,"minecraft:torch":4,"minecraft:diamond_chestplate":2},"minecraft:dropped":{"minecraft:bread":67,"minecraft:porkchop":1,"minecraft:wheat_seeds":34,"minecraft:diamond":26,"minecraft:crafting_table":2,"minecraft:iron_helmet":1,"minecraft:feather":2,"minecraft:cobblestone":2,"minecraft:saddle":1,"minecraft:stick":1,"minecraft:cobblestone_stairs":1,"minecraft:oxeye_daisy":1,"minecraft:dirt":21,"minecraft:mutton":2,"minecraft:iron_leggings":1,"minecraft:wooden_sword":1,"minecraft:sand":2,"minecraft:white_wool":1,"minecraft:redstone":7,"minecraft:stone_sword":1,"minecraft:rotten_flesh":1,"minecraft:iron_boots":1,"minecraft:oak_planks":13,"minecraft:poppy":1,"minecraft:hay_block":7,"minecraft:shield":1,"minecraft:iron_chestplate":1,"minecraft:andesite":4,"minecraft:chest":1,"minecraft:oak_sapling":2,"minecraft:stone_pressure_plate":1,"minecraft:wooden_pickaxe":1}},"DataVersion":2586}