{"stats":{"minecraft:broken":{"minecraft:stone_pickaxe":1,"minecraft:wooden_sword":1,"minecraft:iron_pickaxe":2},"minecraft:mined":{"minecraft:diamond_ore":60,"minecraft:stone_pressure_plate":1,"minecraft:white_bed":14,"minecraft:mossy_cobblestone":3,"minecraft:oak_door":1,"minecraft:cobblestone_stairs":10,"minecraft:jungle_leaves":29,"minecraft:potted_cactus":1,"minecraft:brewing_stand":1,"minecraft:granite":31,"minecraft:grass_block":99,"minecraft:jungle_log":13,"minecraft:redstone_wire":1,"minecraft:composter":16,"minecraft:oxeye_daisy":4,"minecraft:sandstone":12,"minecraft:hay_block":54,"minecraft:redstone_ore":5,"minecraft:furnace":2,"minecraft:iron_ore":68,"minecraft:andesite":47,"minecraft:fletching_table":2,"minecraft:oak_sign":1,"minecraft:stripped_oak_log":24,"minecraft:stone":602,"minecraft:cut_sandstone":1,"minecraft:glass_pane":5,"minecraft:red_wool":1,"minecraft:kelp_plant":3,"minecraft:orange_terracotta":1,"minecraft:dandelion":3,"minecraft:oak_fence":3,"minecraft:crafting_table":8,"minecraft:smooth_sandstone":1,"minecraft:blast_furnace":15,"minecraft:poppy":3,"minecraft:melon":1,"minecraft:chest":9,"minecraft:dead_bush":9,"minecraft:cobblestone":156,"minecraft:tall_grass":155,"minecraft:cyan_bed":2,"minecraft:grindstone":1,"minecraft:oak_planks":8,"minecraft:iron_door":1,"minecraft:diorite":24,"minecraft:wall_torch":2,"minecraft:white_terracotta":63,"minecraft:cactus":9,"minecraft:lime_bed":1,"minecraft:birch_log":3,"minecraft:stripped_oak_wood":1,"minecraft:tnt":9,"minecraft:grass_path":2,"minecraft:yellow_bed":12,"minecraft:grass":617,"minecraft:oak_log":35,"minecraft:coal_ore":28,"minecraft:cocoa":4,"minecraft:sunflower":1,"minecraft:gravel":2,"minecraft:sand":15,"minecraft:dirt":75,"minecraft:acacia_planks":2,"minecraft:oak_button":1,"minecraft:oak_leaves":1},"minecraft:custom":{"minecraft:mob_kills":96,"minecraft:interact_with_crafting_table":65,"minecraft:bell_ring":36,"minecraft:leave_game":5,"minecraft:time_since_death":63109,"minecraft:climb_one_cm":8819,"minecraft:sprint_one_cm":598307,"minecraft:walk_one_cm":486318,"minecraft:damage_blocked_by_shield":694,"minecraft:drop":157,"minecraft:talked_to_villager":24,"minecraft:deaths":12,"minecraft:sneak_time":15310,"minecraft:walk_under_water_one_cm":14747,"minecraft:jump":6012,"minecraft:interact_with_blast_furnace":3,"minecraft:walk_on_water_one_cm":28628,"minecraft:interact_with_furnace":35,"minecraft:play_one_minute":240946,"minecraft:interact_with_grindstone":1,"minecraft:sleep_in_bed":4,"minecraft:time_since_rest":63129,"minecraft:damage_taken":6663,"minecraft:damage_dealt":22915,"minecraft:player_kills":15,"minecraft:swim_one_cm":52488,"minecraft:fly_one_cm":1270137,"minecraft:open_chest":72,"minecraft:crouch_one_cm":49196,"minecraft:fall_one_cm":140245},"minecraft:killed":{"minecraft:witch":1,"minecraft:spider":5,"minecraft:horse":1,"minecraft:skeleton":11,"minecraft:chicken":3,"minecraft:husk":1,"minecraft:pig":6,"minecraft:iron_golem":2,"minecraft:wandering_trader":1,"minecraft:creeper":3,"minecraft:squid":1,"minecraft:sheep":11,"minecraft:zombie":32,"minecraft:villager":8,"minecraft:enderman":3,"minecraft:cow":6},"minecraft:killed_by":{"minecraft:husk":1,"minecraft:player":4,"minecraft:drowned":1,"minecraft:skeleton":1,"minecraft:zombie":1},"minecraft:picked_up":{"minecraft:cocoa_beans":8,"minecraft:iron_chestplate":6,"minecraft:crafting_table":10,"minecraft:azure_bluet":4,"minecraft:chicken":4,"minecraft:lead":2,"minecraft:diamond_sword":3,"minecraft:wooden_pickaxe":1,"minecraft:brewing_stand":1,"minecraft:shield":6,"minecraft:iron_axe":2,"minecraft:wooden_sword":1,"minecraft:iron_leggings":7,"minecraft:oak_sign":1,"minecraft:beef":12,"minecraft:poppy":6,"minecraft:melon_slice":3,"minecraft:chest":9,"minecraft:iron_boots":6,"minecraft:furnace":2,"minecraft:stick":17,"minecraft:sandstone":10,"minecraft:oak_door":3,"minecraft:composter":16,"minecraft:oak_fence":3,"minecraft:torch":10,"minecraft:porkchop":14,"minecraft:diorite":24,"minecraft:redstone":29,"minecraft:stone_pressure_plate":1,"minecraft:tnt":9,"minecraft:cactus":14,"minecraft:stone_sword":6,"minecraft:arrow":14,"minecraft:rotten_flesh":32,"minecraft:hay_block":60,"minecraft:saddle":4,"minecraft:white_terracotta":60,"minecraft:mutton":14,"minecraft:cobblestone":878,"minecraft:white_wool":9,"minecraft:oxeye_daisy":4,"minecraft:stripped_oak_log":24,"minecraft:birch_log":3,"minecraft:lime_bed":1,"minecraft:feather":4,"minecraft:cooked_beef":1,"minecraft:iron_door":1,"minecraft:jungle_log":13,"minecraft:andesite":51,"minecraft:cut_sandstone":1,"minecraft:leather":2,"minecraft:oak_log":47,"minecraft:gunpowder":5,"minecraft:yellow_bed":12,"minecraft:cobblestone_stairs":10,"minecraft:dirt":195,"minecraft:orange_terracotta":1,"minecraft:bone":16,"minecraft:acacia_planks":2,"minecraft:bow":1,"minecraft:rabbit_hide":2,"minecraft:wheat_seeds":84,"minecraft:bell":1,"minecraft:grindstone":1,"minecraft:iron_ingot":277,"minecraft:iron_ore":119,"minecraft:stripped_oak_wood":1,"minecraft:rabbit":1,"minecraft:fletching_table":2,"minecraft:glowstone_dust":2,"minecraft:iron_sword":2,"minecraft:oak_planks":54,"minecraft:cooked_porkchop":5,"minecraft:red_wool":5,"minecraft:dandelion":3,"minecraft:gravel":1,"minecraft:sand":58,"minecraft:grass_block":1,"minecraft:blast_furnace":15,"minecraft:ink_sac":2,"minecraft:white_bed":14,"minecraft:cyan_bed":2,"minecraft:spider_eye":6,"minecraft:mossy_cobblestone":3,"minecraft:diamond":93,"minecraft:stone_axe":5,"minecraft:iron_helmet":8,"minecraft:granite":27,"minecraft:bread":420,"minecraft:oak_button":1,"minecraft:oak_sapling":4,"minecraft:coal":44,"minecraft:ender_pearl":1},"minecraft:used":{"minecraft:stone_sword":82,"minecraft:iron_shovel":95,"minecraft:redstone":1,"minecraft:oak_sign":7,"minecraft:white_terracotta":1,"minecraft:chest":14,"minecraft:shield":13,"minecraft:iron_sword":147,"minecraft:bell":1,"minecraft:torch":8,"minecraft:dirt":146,"minecraft:mutton":7,"minecraft:golden_shovel":10,"minecraft:azure_bluet":3,"minecraft:granite":21,"minecraft:lava_bucket":9,"minecraft:red_wool":1,"minecraft:iron_axe":115,"minecraft:jungle_log":2,"minecraft:hay_block":6,"minecraft:furnace":4,"minecraft:cooked_beef":1,"minecraft:acacia_planks":2,"minecraft:orange_terracotta":1,"minecraft:water_bucket":12,"minecraft:iron_ore":4,"minecraft:cobblestone_stairs":6,"minecraft:rabbit":1,"minecraft:polished_andesite":28,"minecraft:stone_pickaxe":131,"minecraft:oak_planks":111,"minecraft:cactus":5,"minecraft:wooden_pickaxe":12,"minecraft:cut_sandstone":1,"minecraft:sandstone":10,"minecraft:composter":15,"minecraft:fletching_table":2,"minecraft:diamond_axe":33,"minecraft:mossy_cobblestone":3,"minecraft:sand":32,"minecraft:crafting_table":20,"minecraft:lime_bed":1,"minecraft:blast_furnace":14,"minecraft:white_bed":14,"minecraft:diamond_pickaxe":128,"minecraft:apple":3,"minecraft:oak_button":3,"minecraft:bread":87,"minecraft:cyan_bed":2,"minecraft:iron_pickaxe":897,"minecraft:iron_door":2,"minecraft:gravel":1,"minecraft:stone_axe":29,"minecraft:diamond_sword":91,"minecraft:wooden_sword":80,"minecraft:cobblestone":730,"minecraft:cooked_porkchop":5,"minecraft:porkchop":3,"minecraft:andesite":14,"minecraft:bucket":23,"minecraft:yellow_bed":10},"minecraft:crafted":{"minecraft:wooden_sword":2,"minecraft:oak_planks":276,"minecraft:oak_sign":6,"minecraft:furnace":4,"minecraft:cobblestone_stairs":28,"minecraft:diamond_helmet":1,"minecraft:iron_boots":3,"minecraft:diamond_leggings":2,"minecraft:iron_axe":2,"minecraft:stone_pickaxe":1,"minecraft:chest":6,"minecraft:diamond_boots":1,"minecraft:oak_button":3,"minecraft:iron_door":3,"minecraft:wheat":423,"minecraft:diamond_sword":1,"minecraft:diamond_axe":1,"minecraft:crafting_table":12,"minecraft:wooden_pickaxe":1,"minecraft:iron_helmet":2,"minecraft:iron_sword":1,"minecraft:bucket":3,"minecraft:birch_planks":12,"minecraft:stone_axe":1,"minecraft:bread":138,"minecraft:air":0,"minecraft:iron_chestplate":3,"minecraft:diamond_pickaxe":1,"minecraft:yellow_dye":3,"minecraft:shield":1,"minecraft:stick":36,"minecraft:iron_ingot":45,"minecraft:iron_pickaxe":5,"minecraft:stone_sword":1,"minecraft:iron_shovel":1,"minecraft:iron_leggings":2,"minecraft:light_gray_dye":3,"minecraft:torch":4,"minecraft:polished_andesite":28,"minecraft:diamond_chestplate":2},"minecraft:dropped":{"minecraft:bread":249,"minecraft:porkchop":1,"minecraft:wheat_seeds":46,"minecraft:oak_log":3,"minecraft:diamond":26,"minecraft:crafting_table":2,"minecraft:iron_helmet":5,"minecraft:feather":2,"minecraft:cobblestone":2,"minecraft:leather":1,"minecraft:red_wool":4,"minecraft:saddle":1,"minecraft:stick":6,"minecraft:cobblestone_stairs":1,"minecraft:oxeye_daisy":1,"minecraft:dirt":21,"minecraft:mutton":2,"minecraft:iron_leggings":4,"minecraft:wooden_sword":1,"minecraft:sand":32,"minecraft:cactus":4,"minecraft:white_wool":1,"minecraft:bone":2,"minecraft:redstone":7,"minecraft:stone_axe":2,"minecraft:stone_sword":4,"minecraft:rotten_flesh":2,"minecraft:iron_boots":2,"minecraft:oak_planks":13,"minecraft:azure_bluet":1,"minecraft:diamond_sword":1,"minecraft:poppy":1,"minecraft:hay_block":7,"minecraft:shield":2,"minecraft:gunpowder":5,"minecraft:iron_chestplate":3,"minecraft:andesite":4,"minecraft:chest":1,"minecraft:oak_sapling":2,"minecraft:stone_pressure_plate":1,"minecraft:spider_eye":5,"minecraft:arrow":4,"minecraft:wooden_pickaxe":1}},"DataVersion":2586}