{"stats":{"minecraft:broken":{"minecraft:stone_pickaxe":1,"minecraft:wooden_sword":1,"minecraft:iron_pickaxe":1},"minecraft:mined":{"minecraft:diamond_ore":60,"minecraft:white_bed":6,"minecraft:mossy_cobblestone":1,"minecraft:oak_door":1,"minecraft:cobblestone_stairs":4,"minecraft:potted_cactus":1,"minecraft:granite":29,"minecraft:grass_block":17,"minecraft:redstone_wire":1,"minecraft:composter":16,"minecraft:hay_block":26,"minecraft:redstone_ore":5,"minecraft:furnace":2,"minecraft:iron_ore":64,"minecraft:andesite":17,"minecraft:fletching_table":2,"minecraft:stripped_oak_log":16,"minecraft:stone":362,"minecraft:glass_pane":5,"minecraft:crafting_table":7,"minecraft:dead_bush":1,"minecraft:cobblestone":27,"minecraft:tall_grass":84,"minecraft:cyan_bed":2,"minecraft:oak_planks":6,"minecraft:diorite":24,"minecraft:white_terracotta":31,"minecraft:lime_bed":1,"minecraft:birch_log":3,"minecraft:yellow_bed":7,"minecraft:grass_path":1,"minecraft:grass":339,"minecraft:oak_log":35,"minecraft:coal_ore":28,"minecraft:sunflower":1,"minecraft:gravel":2,"minecraft:sand":6,"minecraft:dirt":36},"minecraft:custom":{"minecraft:mob_kills":49,"minecraft:interact_with_crafting_table":36,"minecraft:leave_game":3,"minecraft:time_since_death":34039,"minecraft:climb_one_cm":627,"minecraft:sprint_one_cm":266531,"minecraft:walk_one_cm":174746,"minecraft:damage_blocked_by_shield":140,"minecraft:drop":31,"minecraft:talked_to_villager":1,"minecraft:deaths":4,"minecraft:sneak_time":7294,"minecraft:walk_under_water_one_cm":641,"minecraft:jump":2507,"minecraft:walk_on_water_one_cm":13245,"minecraft:interact_with_furnace":33,"minecraft:play_one_minute":97708,"minecraft:time_since_rest":34059,"minecraft:damage_taken":1483,"minecraft:damage_dealt":8985,"minecraft:fly_one_cm":558421,"minecraft:swim_one_cm":10279,"minecraft:open_chest":8,"minecraft:crouch_one_cm":21766,"minecraft:fall_one_cm":59797},"minecraft:killed":{"minecraft:spider":2,"minecraft:skeleton":4,"minecraft:chicken":2,"minecraft:pig":6,"minecraft:iron_golem":1,"minecraft:creeper":2,"minecraft:sheep":5,"minecraft:zombie":13,"minecraft:villager":7,"minecraft:enderman":1,"minecraft:cow":5},"minecraft:killed_by":{"minecraft:husk":1,"minecraft:zombie":1},"minecraft:picked_up":{"minecraft:crafting_table":8,"minecraft:chicken":4,"minecraft:shield":1,"minecraft:wooden_sword":1,"minecraft:beef":9,"minecraft:poppy":3,"minecraft:furnace":2,"minecraft:oak_door":3,"minecraft:composter":16,"minecraft:torch":2,"minecraft:porkchop":13,"minecraft:diorite":24,"minecraft:redstone":29,"minecraft:arrow":1,"minecraft:rotten_flesh":11,"minecraft:hay_block":26,"minecraft:white_terracotta":28,"minecraft:mutton":5,"minecraft:cobblestone":384,"minecraft:white_wool":4,"minecraft:stripped_oak_log":16,"minecraft:birch_log":3,"minecraft:lime_bed":1,"minecraft:feather":4,"minecraft:cooked_beef":1,"minecraft:andesite":20,"minecraft:leather":1,"minecraft:oak_log":44,"minecraft:yellow_bed":7,"minecraft:cobblestone_stairs":4,"minecraft:dirt":51,"minecraft:bone":1,"minecraft:wheat_seeds":41,"minecraft:iron_ingot":18,"minecraft:iron_ore":115,"minecraft:fletching_table":2,"minecraft:oak_planks":17,"minecraft:cooked_porkchop":5,"minecraft:gravel":1,"minecraft:sand":2,"minecraft:white_bed":6,"minecraft:cyan_bed":2,"minecraft:spider_eye":1,"minecraft:mossy_cobblestone":1,"minecraft:diamond":66,"minecraft:granite":25,"minecraft:coal":44},"minecraft:used":{"minecraft:stone_sword":8,"minecraft:redstone":1,"minecraft:oak_sign":3,"minecraft:chest":2,"minecraft:shield":5,"minecraft:iron_sword":117,"minecraft:torch":4,"minecraft:dirt":23,"minecraft:golden_shovel":10,"minecraft:granite":19,"minecraft:lava_bucket":9,"minecraft:iron_axe":75,"minecraft:hay_block":5,"minecraft:furnace":3,"minecraft:cooked_beef":1,"minecraft:water_bucket":12,"minecraft:stone_pickaxe":131,"minecraft:oak_planks":102,"minecraft:wooden_pickaxe":12,"minecraft:composter":15,"minecraft:fletching_table":2,"minecraft:lime_bed":1,"minecraft:crafting_table":13,"minecraft:white_bed":6,"minecraft:cyan_bed":2,"minecraft:bread":9,"minecraft:iron_pickaxe":540,"minecraft:gravel":1,"minecraft:stone_axe":3,"minecraft:wooden_sword":68,"minecraft:cobblestone":278,"minecraft:porkchop":3,"minecraft:cooked_porkchop":5,"minecraft:andesite":12,"minecraft:bucket":22,"minecraft:yellow_bed":6},"minecraft:crafted":{"minecraft:wooden_sword":2,"minecraft:oak_planks":176,"minecraft:oak_sign":3,"minecraft:furnace":3,"minecraft:iron_boots":2,"minecraft:diamond_leggings":1,"minecraft:iron_axe":2,"minecraft:stone_pickaxe":1,"minecraft:chest":2,"minecraft:wheat":189,"minecraft:crafting_table":7,"minecraft:wooden_pickaxe":1,"minecraft:iron_helmet":1,"minecraft:iron_sword":1,"minecraft:bucket":2,"minecraft:birch_planks":12,"minecraft:stone_axe":1,"minecraft:bread":60,"minecraft:air":0,"minecraft:iron_chestplate":2,"minecraft:shield":1,"minecraft:stick":24,"minecraft:iron_ingot":45,"minecraft:iron_pickaxe":3,"minecraft:stone_sword":1,"minecraft:iron_leggings":1,"minecraft:torch":4,"minecraft:diamond_chestplate":1},"minecraft:dropped":{"minecraft:bread":1,"minecraft:wheat_seeds":23,"minecraft:crafting_table":1,"minecraft:feather":2,"minecraft:saddle":1,"minecraft:dirt":3,"minecraft:wooden_sword":1,"minecraft:sand":2,"minecraft:redstone":7,"minecraft:oak_planks":4,"minecraft:poppy":1,"minecraft:andesite":3}},"DataVersion":2586}