{"stats":{"minecraft:broken":{"minecraft:iron_pickaxe":3,"minecraft:wooden_axe":1},"minecraft:mined":{"minecraft:diamond_ore":26,"minecraft:red_bed":2,"minecraft:crafting_table":1,"minecraft:granite":52,"minecraft:acacia_log":8,"minecraft:grass_block":4,"minecraft:melon":9,"minecraft:chest":2,"minecraft:tall_grass":2,"minecraft:lapis_ore":7,"minecraft:diorite":74,"minecraft:wall_torch":3,"minecraft:hay_block":49,"minecraft:redstone_ore":6,"minecraft:furnace":1,"minecraft:iron_ore":82,"minecraft:wheat":6,"minecraft:andesite":53,"minecraft:grass_path":1,"minecraft:grass":20,"minecraft:coal_ore":40,"minecraft:gravel":12,"minecraft:dirt":32,"minecraft:acacia_planks":1,"minecraft:stone":878,"minecraft:gold_ore":6,"minecraft:white_wool":1,"minecraft:orange_bed":1},"minecraft:custom":{"minecraft:interact_with_furnace":18,"minecraft:mob_kills":12,"minecraft:interact_with_crafting_table":10,"minecraft:play_one_minute":111675,"minecraft:leave_game":1,"minecraft:time_since_death":107829,"minecraft:sleep_in_bed":7,"minecraft:time_since_rest":16248,"minecraft:sprint_one_cm":254322,"minecraft:damage_taken":1761,"minecraft:walk_one_cm":205485,"minecraft:drop":37,"minecraft:damage_dealt":3024,"minecraft:talked_to_villager":1,"minecraft:fly_one_cm":341364,"minecraft:open_chest":22,"minecraft:crouch_one_cm":22777,"minecraft:deaths":2,"minecraft:sneak_time":7994,"minecraft:walk_under_water_one_cm":231,"minecraft:jump":1982,"minecraft:walk_on_water_one_cm":3283,"minecraft:fall_one_cm":41865},"minecraft:killed":{"minecraft:husk":1,"minecraft:zombie_villager":1,"minecraft:iron_golem":1,"minecraft:creeper":1,"minecraft:sheep":1,"minecraft:zombie":6},"minecraft:killed_by":{"minecraft:creeper":1,"minecraft:zombie":1},"minecraft:picked_up":{"minecraft:crafting_table":2,"minecraft:wheat":6,"minecraft:andesite":52,"minecraft:cut_sandstone":4,"minecraft:wooden_pickaxe":1,"minecraft:flint":2,"minecraft:gunpowder":1,"minecraft:lapis_lazuli":39,"minecraft:dirt":34,"minecraft:red_bed":4,"minecraft:orange_terracotta":2,"minecraft:acacia_planks":2,"minecraft:wheat_seeds":74,"minecraft:iron_ingot":4,"minecraft:iron_ore":80,"minecraft:iron_pickaxe":5,"minecraft:melon_slice":42,"minecraft:iron_boots":1,"minecraft:sandstone":14,"minecraft:torch":3,"minecraft:acacia_log":14,"minecraft:gravel":13,"minecraft:diorite":66,"minecraft:orange_bed":3,"minecraft:arrow":2,"minecraft:rotten_flesh":6,"minecraft:diamond":12,"minecraft:iron_helmet":1,"minecraft:hay_block":49,"minecraft:granite":52,"minecraft:melon_seeds":3,"minecraft:white_wool":1,"minecraft:coal":33,"minecraft:cobblestone":670},"minecraft:used":{"minecraft:diorite":3,"minecraft:wooden_pickaxe":4,"minecraft:sandstone":14,"minecraft:iron_sword":54,"minecraft:white_wool":2,"minecraft:orange_bed":3,"minecraft:torch":107,"minecraft:dirt":17,"minecraft:crafting_table":3,"minecraft:red_bed":1,"minecraft:wooden_axe":34,"minecraft:bread":30,"minecraft:melon_slice":2,"minecraft:iron_pickaxe":1266,"minecraft:cobblestone":23,"minecraft:acacia_planks":9,"minecraft:orange_terracotta":2},"minecraft:crafted":{"minecraft:crafting_table":1,"minecraft:iron_sword":1,"minecraft:bread":148,"minecraft:air":0,"minecraft:iron_chestplate":1,"minecraft:stick":80,"minecraft:iron_ingot":47,"minecraft:iron_pickaxe":1,"minecraft:wooden_axe":1,"minecraft:iron_leggings":1,"minecraft:acacia_planks":56,"minecraft:torch":108,"minecraft:wheat":441},"minecraft:dropped":{"minecraft:iron_ingot":24,"minecraft:bread":64,"minecraft:wheat_seeds":63,"minecraft:lapis_lazuli":39,"minecraft:diamond":12,"minecraft:wheat":3,"minecraft:cobblestone":155,"minecraft:coal":30,"minecraft:stick":3,"minecraft:dirt":2,"minecraft:red_bed":3,"minecraft:gunpowder":1,"minecraft:melon_seeds":3,"minecraft:cut_sandstone":4,"minecraft:iron_ore":64,"minecraft:arrow":4,"minecraft:iron_pickaxe":1,"minecraft:acacia_planks":2}},"DataVersion":2586}