{"stats":{"minecraft:dropped":{"minecraft:bread":64,"minecraft:iron_ingot":24,"minecraft:wheat_seeds":106,"minecraft:lapis_lazuli":39,"minecraft:diamond":14,"minecraft:wheat":3,"minecraft:cobblestone":493,"minecraft:iron_helmet":1,"minecraft:iron_boots":3,"minecraft:granite":4,"minecraft:coal":30,"minecraft:stick":3,"minecraft:dirt":2,"minecraft:red_bed":3,"minecraft:gunpowder":1,"minecraft:diorite":64,"minecraft:iron_chestplate":1,"minecraft:melon_seeds":3,"minecraft:cut_sandstone":4,"minecraft:iron_leggings":3,"minecraft:diamond_boots":1,"minecraft:iron_ore":64,"minecraft:arrow":4,"minecraft:wooden_pickaxe":2,"minecraft:iron_pickaxe":1,"minecraft:white_wool":1,"minecraft:acacia_planks":2},"minecraft:mined":{"minecraft:diamond_ore":28,"minecraft:red_bed":2,"minecraft:crafting_table":1,"minecraft:granite":63,"minecraft:acacia_log":8,"minecraft:grass_block":4,"minecraft:melon":9,"minecraft:chest":2,"minecraft:tall_grass":2,"minecraft:cobblestone":4,"minecraft:lapis_ore":7,"minecraft:diorite":115,"minecraft:wall_torch":3,"minecraft:hay_block":49,"minecraft:redstone_ore":6,"minecraft:furnace":1,"minecraft:iron_ore":87,"minecraft:wheat":6,"minecraft:andesite":73,"minecraft:grass_path":1,"minecraft:grass":20,"minecraft:coal_ore":47,"minecraft:gravel":13,"minecraft:dirt":35,"minecraft:acacia_planks":1,"minecraft:stone":1130,"minecraft:gold_ore":6,"minecraft:white_wool":1,"minecraft:orange_bed":1},"minecraft:picked_up":{"minecraft:wheat":6,"minecraft:crafting_table":2,"minecraft:andesite":64,"minecraft:cut_sandstone":4,"minecraft:wooden_pickaxe":2,"minecraft:flint":2,"minecraft:gunpowder":1,"minecraft:lapis_lazuli":39,"minecraft:dirt":37,"minecraft:red_bed":4,"minecraft:iron_leggings":2,"minecraft:orange_terracotta":2,"minecraft:acacia_planks":2,"minecraft:diamond_leggings":1,"minecraft:wheat_seeds":74,"minecraft:iron_ingot":4,"minecraft:iron_ore":80,"minecraft:iron_pickaxe":5,"minecraft:diamond_helmet":1,"minecraft:melon_slice":42,"minecraft:iron_boots":3,"minecraft:sandstone":14,"minecraft:torch":3,"minecraft:acacia_log":14,"minecraft:gravel":14,"minecraft:diorite":70,"minecraft:orange_bed":3,"minecraft:arrow":2,"minecraft:rotten_flesh":6,"minecraft:diamond_chestplate":1,"minecraft:diamond":24,"minecraft:iron_helmet":1,"minecraft:diamond_boots":2,"minecraft:hay_block":49,"minecraft:granite":68,"minecraft:melon_seeds":3,"minecraft:coal":37,"minecraft:white_wool":1,"minecraft:cobblestone":1032},"minecraft:broken":{"minecraft:iron_pickaxe":5,"minecraft:wooden_axe":1},"minecraft:used":{"minecraft:diorite":3,"minecraft:wooden_pickaxe":4,"minecraft:sandstone":14,"minecraft:iron_sword":54,"minecraft:orange_bed":3,"minecraft:white_wool":2,"minecraft:torch":112,"minecraft:dirt":17,"minecraft:crafting_table":3,"minecraft:red_bed":1,"minecraft:wooden_axe":34,"minecraft:diamond_pickaxe":127,"minecraft:bread":36,"minecraft:melon_slice":2,"minecraft:iron_pickaxe":1485,"minecraft:diamond_sword":4,"minecraft:cobblestone":36,"minecraft:acacia_planks":9,"minecraft:orange_terracotta":2},"minecraft:crafted":{"minecraft:diamond_sword":1,"minecraft:diamond_axe":1,"minecraft:crafting_table":1,"minecraft:iron_sword":1,"minecraft:bread":148,"minecraft:air":0,"minecraft:iron_chestplate":1,"minecraft:diamond_pickaxe":1,"minecraft:stick":80,"minecraft:iron_ingot":75,"minecraft:iron_pickaxe":2,"minecraft:wooden_axe":1,"minecraft:iron_leggings":1,"minecraft:acacia_planks":56,"minecraft:torch":156,"minecraft:wheat":441},"minecraft:killed":{"minecraft:husk":1,"minecraft:zombie_villager":1,"minecraft:iron_golem":1,"minecraft:creeper":1,"minecraft:sheep":1,"minecraft:zombie":7},"minecraft:killed_by":{"minecraft:creeper":1,"minecraft:zombie":1},"minecraft:custom":{"minecraft:interact_with_furnace":21,"minecraft:mob_kills":13,"minecraft:interact_with_crafting_table":14,"minecraft:play_one_minute":147013,"minecraft:leave_game":3,"minecraft:time_since_death":143167,"minecraft:sleep_in_bed":7,"minecraft:time_since_rest":51586,"minecraft:sprint_one_cm":318016,"minecraft:damage_taken":1828,"minecraft:walk_one_cm":296834,"minecraft:drop":59,"minecraft:damage_dealt":3236,"minecraft:talked_to_villager":1,"minecraft:fly_one_cm":359292,"minecraft:open_chest":22,"minecraft:crouch_one_cm":30176,"minecraft:deaths":2,"minecraft:sneak_time":10586,"minecraft:walk_under_water_one_cm":231,"minecraft:jump":2475,"minecraft:walk_on_water_one_cm":3283,"minecraft:fall_one_cm":43187}},"DataVersion":2586}