{"stats":{"minecraft:broken":{"minecraft:iron_pickaxe":1,"minecraft:wooden_axe":1},"minecraft:mined":{"minecraft:diamond_ore":3,"minecraft:red_bed":2,"minecraft:crafting_table":1,"minecraft:granite":33,"minecraft:acacia_log":8,"minecraft:grass_block":4,"minecraft:melon":9,"minecraft:chest":2,"minecraft:tall_grass":2,"minecraft:lapis_ore":6,"minecraft:diorite":38,"minecraft:wall_torch":3,"minecraft:hay_block":49,"minecraft:furnace":1,"minecraft:iron_ore":80,"minecraft:wheat":6,"minecraft:andesite":26,"minecraft:grass_path":1,"minecraft:grass":20,"minecraft:coal_ore":31,"minecraft:gravel":10,"minecraft:dirt":21,"minecraft:acacia_planks":1,"minecraft:stone":563,"minecraft:gold_ore":6,"minecraft:white_wool":1,"minecraft:orange_bed":1},"minecraft:custom":{"minecraft:interact_with_furnace":18,"minecraft:mob_kills":12,"minecraft:interact_with_crafting_table":10,"minecraft:play_one_minute":99675,"minecraft:leave_game":1,"minecraft:time_since_death":95829,"minecraft:sleep_in_bed":7,"minecraft:time_since_rest":4248,"minecraft:sprint_one_cm":249307,"minecraft:damage_taken":1742,"minecraft:walk_one_cm":166888,"minecraft:drop":32,"minecraft:damage_dealt":3024,"minecraft:talked_to_villager":1,"minecraft:fly_one_cm":340332,"minecraft:open_chest":22,"minecraft:crouch_one_cm":22084,"minecraft:deaths":2,"minecraft:sneak_time":7737,"minecraft:walk_under_water_one_cm":231,"minecraft:jump":1931,"minecraft:walk_on_water_one_cm":3283,"minecraft:fall_one_cm":41865},"minecraft:killed":{"minecraft:husk":1,"minecraft:zombie_villager":1,"minecraft:iron_golem":1,"minecraft:creeper":1,"minecraft:sheep":1,"minecraft:zombie":6},"minecraft:killed_by":{"minecraft:creeper":1,"minecraft:zombie":1},"minecraft:picked_up":{"minecraft:crafting_table":2,"minecraft:wheat":6,"minecraft:andesite":25,"minecraft:cut_sandstone":4,"minecraft:wooden_pickaxe":1,"minecraft:flint":2,"minecraft:gunpowder":1,"minecraft:lapis_lazuli":39,"minecraft:dirt":24,"minecraft:red_bed":4,"minecraft:orange_terracotta":2,"minecraft:acacia_planks":2,"minecraft:wheat_seeds":31,"minecraft:iron_ingot":4,"minecraft:iron_ore":80,"minecraft:iron_pickaxe":3,"minecraft:melon_slice":42,"minecraft:iron_boots":1,"minecraft:sandstone":14,"minecraft:torch":3,"minecraft:acacia_log":14,"minecraft:gravel":11,"minecraft:diorite":41,"minecraft:orange_bed":3,"minecraft:arrow":2,"minecraft:rotten_flesh":6,"minecraft:iron_helmet":1,"minecraft:hay_block":49,"minecraft:granite":33,"minecraft:melon_seeds":3,"minecraft:white_wool":1,"minecraft:coal":33,"minecraft:cobblestone":497},"minecraft:used":{"minecraft:diorite":3,"minecraft:wooden_pickaxe":4,"minecraft:sandstone":14,"minecraft:iron_sword":54,"minecraft:white_wool":2,"minecraft:orange_bed":3,"minecraft:torch":103,"minecraft:dirt":17,"minecraft:crafting_table":3,"minecraft:red_bed":1,"minecraft:wooden_axe":34,"minecraft:bread":30,"minecraft:melon_slice":2,"minecraft:iron_pickaxe":815,"minecraft:cobblestone":23,"minecraft:acacia_planks":9,"minecraft:orange_terracotta":2},"minecraft:crafted":{"minecraft:crafting_table":1,"minecraft:iron_sword":1,"minecraft:bread":148,"minecraft:air":0,"minecraft:iron_chestplate":1,"minecraft:stick":80,"minecraft:iron_ingot":47,"minecraft:iron_pickaxe":1,"minecraft:wooden_axe":1,"minecraft:iron_leggings":1,"minecraft:acacia_planks":56,"minecraft:torch":108,"minecraft:wheat":441},"minecraft:dropped":{"minecraft:iron_ingot":24,"minecraft:bread":64,"minecraft:wheat_seeds":20,"minecraft:lapis_lazuli":39,"minecraft:wheat":3,"minecraft:cobblestone":133,"minecraft:coal":30,"minecraft:stick":3,"minecraft:dirt":2,"minecraft:red_bed":3,"minecraft:gunpowder":1,"minecraft:melon_seeds":3,"minecraft:cut_sandstone":4,"minecraft:iron_ore":64,"minecraft:arrow":2,"minecraft:acacia_planks":2}},"DataVersion":2586}