{"stats":{"minecraft:broken":{"minecraft:iron_pickaxe":1,"minecraft:wooden_axe":1},"minecraft:mined":{"minecraft:red_bed":1,"minecraft:crafting_table":1,"minecraft:granite":16,"minecraft:acacia_log":8,"minecraft:grass_block":4,"minecraft:melon":9,"minecraft:chest":2,"minecraft:tall_grass":2,"minecraft:diorite":32,"minecraft:wall_torch":3,"minecraft:hay_block":49,"minecraft:furnace":1,"minecraft:iron_ore":80,"minecraft:wheat":6,"minecraft:andesite":13,"minecraft:grass_path":1,"minecraft:grass":20,"minecraft:coal_ore":31,"minecraft:gravel":7,"minecraft:dirt":21,"minecraft:acacia_planks":1,"minecraft:stone":363,"minecraft:orange_bed":1},"minecraft:custom":{"minecraft:interact_with_furnace":18,"minecraft:mob_kills":8,"minecraft:interact_with_crafting_table":9,"minecraft:play_one_minute":87675,"minecraft:leave_game":1,"minecraft:time_since_death":83829,"minecraft:sleep_in_bed":6,"minecraft:time_since_rest":39306,"minecraft:sprint_one_cm":216735,"minecraft:damage_taken":1454,"minecraft:walk_one_cm":141419,"minecraft:drop":25,"minecraft:damage_dealt":2186,"minecraft:talked_to_villager":1,"minecraft:fly_one_cm":321516,"minecraft:open_chest":22,"minecraft:crouch_one_cm":13342,"minecraft:deaths":2,"minecraft:sneak_time":4675,"minecraft:jump":1703,"minecraft:walk_on_water_one_cm":2397,"minecraft:fall_one_cm":37949},"minecraft:killed":{"minecraft:husk":1,"minecraft:iron_golem":1,"minecraft:creeper":1,"minecraft:sheep":1,"minecraft:zombie":3},"minecraft:killed_by":{"minecraft:creeper":1,"minecraft:zombie":1},"minecraft:picked_up":{"minecraft:crafting_table":2,"minecraft:wheat":6,"minecraft:andesite":13,"minecraft:cut_sandstone":4,"minecraft:wooden_pickaxe":1,"minecraft:flint":1,"minecraft:gunpowder":1,"minecraft:dirt":24,"minecraft:red_bed":3,"minecraft:orange_terracotta":2,"minecraft:acacia_planks":2,"minecraft:wheat_seeds":31,"minecraft:iron_ingot":4,"minecraft:iron_ore":80,"minecraft:iron_pickaxe":2,"minecraft:melon_slice":42,"minecraft:iron_boots":1,"minecraft:sandstone":14,"minecraft:torch":3,"minecraft:acacia_log":14,"minecraft:gravel":6,"minecraft:diorite":35,"minecraft:orange_bed":3,"minecraft:rotten_flesh":1,"minecraft:iron_helmet":1,"minecraft:hay_block":49,"minecraft:granite":16,"minecraft:melon_seeds":3,"minecraft:coal":33,"minecraft:cobblestone":322},"minecraft:used":{"minecraft:diorite":3,"minecraft:wooden_pickaxe":4,"minecraft:sandstone":14,"minecraft:iron_sword":35,"minecraft:white_wool":2,"minecraft:orange_bed":2,"minecraft:torch":61,"minecraft:dirt":17,"minecraft:crafting_table":3,"minecraft:red_bed":1,"minecraft:wooden_axe":34,"minecraft:bread":24,"minecraft:melon_slice":2,"minecraft:iron_pickaxe":558,"minecraft:cobblestone":20,"minecraft:acacia_planks":9,"minecraft:orange_terracotta":2},"minecraft:crafted":{"minecraft:crafting_table":1,"minecraft:iron_sword":1,"minecraft:bread":148,"minecraft:air":0,"minecraft:iron_chestplate":1,"minecraft:stick":80,"minecraft:iron_ingot":47,"minecraft:iron_pickaxe":1,"minecraft:wooden_axe":1,"minecraft:iron_leggings":1,"minecraft:acacia_planks":56,"minecraft:torch":108,"minecraft:wheat":441},"minecraft:dropped":{"minecraft:iron_ingot":24,"minecraft:bread":64,"minecraft:wheat_seeds":20,"minecraft:wheat":3,"minecraft:cobblestone":5,"minecraft:coal":6,"minecraft:stick":3,"minecraft:dirt":2,"minecraft:red_bed":2,"minecraft:melon_seeds":3,"minecraft:cut_sandstone":4,"minecraft:iron_ore":64,"minecraft:acacia_planks":2}},"DataVersion":2586}