{"stats":{"minecraft:mined":{"minecraft:cut_sandstone":5,"minecraft:acacia_leaves":6,"minecraft:red_bed":1,"minecraft:crafting_table":7,"minecraft:granite":7,"minecraft:acacia_log":45,"minecraft:grass_block":2,"minecraft:tall_grass":11,"minecraft:cobblestone":4,"minecraft:acacia_pressure_plate":1,"minecraft:diorite":1,"minecraft:sandstone":1,"minecraft:wall_torch":5,"minecraft:redstone_ore":6,"minecraft:iron_ore":51,"minecraft:wheat":11,"minecraft:andesite":6,"minecraft:tnt":9,"minecraft:grass":11,"minecraft:oak_log":6,"minecraft:coal_ore":35,"minecraft:gravel":3,"minecraft:dirt":4,"minecraft:acacia_planks":3,"minecraft:stone":86,"minecraft:gold_ore":21,"minecraft:orange_bed":2},"minecraft:custom":{"minecraft:interact_with_furnace":38,"minecraft:mob_kills":8,"minecraft:interact_with_crafting_table":40,"minecraft:play_one_minute":83967,"minecraft:time_since_death":77351,"minecraft:sleep_in_bed":2,"minecraft:time_since_rest":19474,"minecraft:sprint_one_cm":161772,"minecraft:damage_taken":1142,"minecraft:walk_one_cm":253346,"minecraft:damage_blocked_by_shield":70,"minecraft:drop":25,"minecraft:damage_dealt":1242,"minecraft:swim_one_cm":958,"minecraft:fly_one_cm":291962,"minecraft:open_chest":6,"minecraft:crouch_one_cm":5988,"minecraft:deaths":2,"minecraft:sneak_time":2457,"minecraft:walk_under_water_one_cm":2752,"minecraft:jump":1812,"minecraft:walk_on_water_one_cm":2499,"minecraft:fall_one_cm":46642},"minecraft:killed":{"minecraft:pig":1,"minecraft:spider":1,"minecraft:sheep":1,"minecraft:skeleton":2,"minecraft:zombie":2},"minecraft:killed_by":{"minecraft:zombie":1},"minecraft:picked_up":{"minecraft:crafting_table":6,"minecraft:wheat":12,"minecraft:andesite":8,"minecraft:cut_sandstone":4,"minecraft:acacia_pressure_plate":1,"minecraft:oak_log":6,"minecraft:gunpowder":1,"minecraft:lapis_lazuli":43,"minecraft:dirt":8,"minecraft:string":2,"minecraft:red_bed":3,"minecraft:bone":2,"minecraft:acacia_planks":4,"minecraft:wheat_seeds":36,"minecraft:iron_ingot":24,"minecraft:iron_ore":116,"minecraft:stick":3,"minecraft:sandstone":2,"minecraft:torch":11,"minecraft:acacia_log":42,"minecraft:porkchop":1,"minecraft:diorite":23,"minecraft:redstone":56,"minecraft:gold_ore":27,"minecraft:spider_eye":1,"minecraft:tnt":9,"minecraft:arrow":4,"minecraft:rotten_flesh":1,"minecraft:diamond":26,"minecraft:granite":7,"minecraft:bread":65,"minecraft:melon_seeds":2,"minecraft:mutton":4,"minecraft:coal":74,"minecraft:white_wool":3,"minecraft:cobblestone":312},"minecraft:used":{"minecraft:stone_sword":20,"minecraft:stone_pickaxe":82,"minecraft:shield":2,"minecraft:chest":2,"minecraft:wooden_pickaxe":12,"minecraft:iron_sword":5,"minecraft:cut_sandstone":4,"minecraft:torch":44,"minecraft:dirt":6,"minecraft:crafting_table":9,"minecraft:red_bed":2,"minecraft:granite":7,"minecraft:iron_axe":42,"minecraft:bread":20,"minecraft:iron_pickaxe":153,"minecraft:stone_axe":39,"minecraft:cobblestone":40,"minecraft:acacia_pressure_plate":1,"minecraft:furnace":2,"minecraft:acacia_planks":48},"minecraft:crafted":{"minecraft:oak_planks":24,"minecraft:crafting_table":4,"minecraft:acacia_pressure_plate":1,"minecraft:wooden_pickaxe":1,"minecraft:iron_helmet":2,"minecraft:iron_sword":1,"minecraft:furnace":2,"minecraft:stone_axe":1,"minecraft:bread":4,"minecraft:air":0,"minecraft:diamond_leggings":1,"minecraft:diamond_helmet":1,"minecraft:iron_boots":2,"minecraft:iron_chestplate":1,"minecraft:shield":2,"minecraft:iron_axe":1,"minecraft:stick":36,"minecraft:iron_ingot":35,"minecraft:iron_pickaxe":6,"minecraft:stone_pickaxe":1,"minecraft:diamond_boots":1,"minecraft:stone_sword":1,"minecraft:chest":2,"minecraft:iron_leggings":1,"minecraft:acacia_planks":132,"minecraft:torch":64,"minecraft:diamond_chestplate":1},"minecraft:dropped":{"minecraft:bread":1,"minecraft:porkchop":1,"minecraft:wheat_seeds":4,"minecraft:cobblestone":19,"minecraft:iron_helmet":1,"minecraft:rotten_flesh":1,"minecraft:iron_boots":1,"minecraft:dirt":2,"minecraft:red_bed":1,"minecraft:torch":1,"minecraft:melon_seeds":2,"minecraft:sandstone":1,"minecraft:wooden_pickaxe":1,"minecraft:iron_pickaxe":5,"minecraft:white_wool":1,"minecraft:bone":1}},"DataVersion":2586}