{"stats":{"minecraft:mined":{"minecraft:diamond_ore":24,"minecraft:cut_sandstone":5,"minecraft:acacia_leaves":6,"minecraft:red_bed":1,"minecraft:crafting_table":8,"minecraft:granite":15,"minecraft:acacia_log":45,"minecraft:grass_block":2,"minecraft:tall_grass":11,"minecraft:cobblestone":9,"minecraft:acacia_pressure_plate":1,"minecraft:diorite":17,"minecraft:sandstone":1,"minecraft:wall_torch":5,"minecraft:redstone_ore":6,"minecraft:iron_ore":51,"minecraft:wheat":11,"minecraft:andesite":15,"minecraft:tnt":9,"minecraft:grass":11,"minecraft:coal_ore":37,"minecraft:oak_log":6,"minecraft:gravel":3,"minecraft:dirt":13,"minecraft:acacia_planks":3,"minecraft:stone":200,"minecraft:gold_ore":21,"minecraft:orange_bed":2},"minecraft:custom":{"minecraft:interact_with_furnace":42,"minecraft:mob_kills":8,"minecraft:interact_with_crafting_table":42,"minecraft:play_one_minute":101964,"minecraft:time_since_death":95348,"minecraft:sleep_in_bed":2,"minecraft:time_since_rest":37471,"minecraft:sprint_one_cm":176841,"minecraft:damage_taken":1148,"minecraft:walk_one_cm":283370,"minecraft:damage_blocked_by_shield":70,"minecraft:drop":29,"minecraft:damage_dealt":1245,"minecraft:swim_one_cm":958,"minecraft:fly_one_cm":294738,"minecraft:open_chest":6,"minecraft:crouch_one_cm":9074,"minecraft:deaths":2,"minecraft:sneak_time":3839,"minecraft:walk_under_water_one_cm":2752,"minecraft:jump":1913,"minecraft:walk_on_water_one_cm":2499,"minecraft:fall_one_cm":46642},"minecraft:killed":{"minecraft:pig":1,"minecraft:spider":1,"minecraft:sheep":1,"minecraft:skeleton":2,"minecraft:zombie":2},"minecraft:killed_by":{"minecraft:zombie":1},"minecraft:picked_up":{"minecraft:crafting_table":7,"minecraft:wheat":12,"minecraft:andesite":17,"minecraft:cut_sandstone":4,"minecraft:acacia_pressure_plate":1,"minecraft:oak_log":6,"minecraft:gunpowder":1,"minecraft:string":2,"minecraft:lapis_lazuli":43,"minecraft:dirt":17,"minecraft:red_bed":3,"minecraft:bone":2,"minecraft:acacia_planks":4,"minecraft:wheat_seeds":36,"minecraft:iron_ingot":24,"minecraft:iron_ore":116,"minecraft:iron_pickaxe":1,"minecraft:stick":3,"minecraft:sandstone":2,"minecraft:torch":11,"minecraft:acacia_log":42,"minecraft:porkchop":1,"minecraft:diorite":61,"minecraft:gold_ore":27,"minecraft:redstone":56,"minecraft:spider_eye":1,"minecraft:tnt":9,"minecraft:arrow":4,"minecraft:rotten_flesh":1,"minecraft:diamond":50,"minecraft:granite":15,"minecraft:bread":65,"minecraft:melon_seeds":2,"minecraft:mutton":4,"minecraft:white_wool":3,"minecraft:coal":76,"minecraft:cobblestone":438,"minecraft:diamond_pickaxe":1},"minecraft:used":{"minecraft:stone_sword":20,"minecraft:stone_pickaxe":82,"minecraft:chest":2,"minecraft:shield":2,"minecraft:wooden_pickaxe":12,"minecraft:cut_sandstone":4,"minecraft:iron_sword":5,"minecraft:torch":44,"minecraft:dirt":6,"minecraft:crafting_table":10,"minecraft:red_bed":2,"minecraft:granite":7,"minecraft:diamond_pickaxe":134,"minecraft:iron_axe":43,"minecraft:bread":21,"minecraft:iron_pickaxe":206,"minecraft:stone_axe":39,"minecraft:cobblestone":65,"minecraft:acacia_pressure_plate":1,"minecraft:furnace":2,"minecraft:acacia_planks":48},"minecraft:crafted":{"minecraft:oak_planks":24,"minecraft:crafting_table":4,"minecraft:acacia_pressure_plate":1,"minecraft:wooden_pickaxe":1,"minecraft:iron_helmet":2,"minecraft:iron_sword":1,"minecraft:furnace":2,"minecraft:stone_axe":1,"minecraft:bread":4,"minecraft:air":0,"minecraft:diamond_pickaxe":1,"minecraft:diamond_helmet":1,"minecraft:diamond_leggings":1,"minecraft:iron_boots":2,"minecraft:iron_chestplate":1,"minecraft:shield":2,"minecraft:iron_axe":1,"minecraft:stick":124,"minecraft:iron_ingot":84,"minecraft:iron_pickaxe":6,"minecraft:stone_pickaxe":1,"minecraft:stone_sword":1,"minecraft:chest":2,"minecraft:diamond_boots":1,"minecraft:iron_leggings":1,"minecraft:acacia_planks":132,"minecraft:torch":64,"minecraft:diamond_chestplate":1},"minecraft:dropped":{"minecraft:bread":1,"minecraft:porkchop":1,"minecraft:wheat_seeds":4,"minecraft:rotten_flesh":1,"minecraft:iron_helmet":1,"minecraft:cobblestone":19,"minecraft:iron_boots":1,"minecraft:dirt":2,"minecraft:red_bed":1,"minecraft:diamond_chestplate":1,"minecraft:torch":1,"minecraft:diamond_pickaxe":1,"minecraft:melon_seeds":2,"minecraft:diamond_helmet":1,"minecraft:sandstone":1,"minecraft:wooden_pickaxe":1,"minecraft:iron_pickaxe":6,"minecraft:white_wool":1,"minecraft:bone":1}},"DataVersion":2586}