{"stats":{"minecraft:mined":{"minecraft:cut_sandstone":5,"minecraft:acacia_leaves":6,"minecraft:red_bed":1,"minecraft:crafting_table":4,"minecraft:granite":7,"minecraft:acacia_log":45,"minecraft:grass_block":2,"minecraft:tall_grass":11,"minecraft:cobblestone":4,"minecraft:acacia_pressure_plate":1,"minecraft:diorite":1,"minecraft:sandstone":1,"minecraft:wall_torch":3,"minecraft:iron_ore":16,"minecraft:wheat":11,"minecraft:tnt":9,"minecraft:grass":11,"minecraft:oak_log":6,"minecraft:coal_ore":33,"minecraft:gravel":3,"minecraft:dirt":4,"minecraft:acacia_planks":3,"minecraft:stone":52,"minecraft:orange_bed":2},"minecraft:custom":{"minecraft:interact_with_furnace":35,"minecraft:mob_kills":7,"minecraft:interact_with_crafting_table":33,"minecraft:play_one_minute":59967,"minecraft:time_since_death":53351,"minecraft:sleep_in_bed":1,"minecraft:time_since_rest":37379,"minecraft:sprint_one_cm":139027,"minecraft:damage_taken":992,"minecraft:walk_one_cm":154725,"minecraft:damage_blocked_by_shield":70,"minecraft:drop":18,"minecraft:damage_dealt":1078,"minecraft:swim_one_cm":958,"minecraft:fly_one_cm":282064,"minecraft:open_chest":6,"minecraft:crouch_one_cm":4631,"minecraft:deaths":2,"minecraft:sneak_time":1663,"minecraft:walk_under_water_one_cm":2752,"minecraft:jump":1619,"minecraft:walk_on_water_one_cm":930,"minecraft:fall_one_cm":41057},"minecraft:killed":{"minecraft:pig":1,"minecraft:spider":1,"minecraft:sheep":1,"minecraft:skeleton":2,"minecraft:zombie":1},"minecraft:killed_by":{"minecraft:zombie":1},"minecraft:picked_up":{"minecraft:crafting_table":3,"minecraft:wheat":12,"minecraft:andesite":1,"minecraft:cut_sandstone":4,"minecraft:acacia_pressure_plate":1,"minecraft:oak_log":6,"minecraft:dirt":8,"minecraft:string":2,"minecraft:red_bed":2,"minecraft:bone":2,"minecraft:acacia_planks":4,"minecraft:wheat_seeds":36,"minecraft:iron_ingot":24,"minecraft:iron_ore":80,"minecraft:stick":3,"minecraft:sandstone":2,"minecraft:torch":6,"minecraft:acacia_log":42,"minecraft:porkchop":1,"minecraft:diorite":1,"minecraft:spider_eye":1,"minecraft:tnt":9,"minecraft:arrow":2,"minecraft:rotten_flesh":1,"minecraft:granite":7,"minecraft:bread":65,"minecraft:melon_seeds":2,"minecraft:mutton":4,"minecraft:coal":62,"minecraft:white_wool":3,"minecraft:cobblestone":68},"minecraft:used":{"minecraft:stone_sword":20,"minecraft:stone_pickaxe":82,"minecraft:shield":2,"minecraft:chest":2,"minecraft:wooden_pickaxe":12,"minecraft:iron_sword":2,"minecraft:cut_sandstone":4,"minecraft:torch":13,"minecraft:dirt":6,"minecraft:crafting_table":4,"minecraft:red_bed":1,"minecraft:granite":7,"minecraft:iron_axe":39,"minecraft:bread":16,"minecraft:iron_pickaxe":47,"minecraft:stone_axe":39,"minecraft:cobblestone":30,"minecraft:acacia_pressure_plate":1,"minecraft:furnace":1,"minecraft:acacia_planks":46},"minecraft:crafted":{"minecraft:oak_planks":24,"minecraft:crafting_table":2,"minecraft:acacia_pressure_plate":1,"minecraft:wooden_pickaxe":1,"minecraft:iron_helmet":2,"minecraft:iron_sword":1,"minecraft:furnace":1,"minecraft:stone_axe":1,"minecraft:bread":4,"minecraft:air":0,"minecraft:iron_boots":2,"minecraft:iron_chestplate":1,"minecraft:shield":2,"minecraft:iron_axe":1,"minecraft:stick":20,"minecraft:iron_ingot":35,"minecraft:iron_pickaxe":3,"minecraft:stone_pickaxe":1,"minecraft:stone_sword":1,"minecraft:chest":2,"minecraft:iron_leggings":1,"minecraft:acacia_planks":132,"minecraft:torch":24},"minecraft:dropped":{"minecraft:bread":1,"minecraft:wheat_seeds":4,"minecraft:iron_helmet":1,"minecraft:rotten_flesh":1,"minecraft:iron_boots":1,"minecraft:dirt":2,"minecraft:red_bed":1,"minecraft:melon_seeds":2,"minecraft:sandstone":1,"minecraft:wooden_pickaxe":1,"minecraft:iron_pickaxe":2,"minecraft:bone":1}},"DataVersion":2586}