{"stats":{"minecraft:dropped":{"minecraft:bread":1,"minecraft:iron_sword":2,"minecraft:porkchop":1,"minecraft:wheat_seeds":47,"minecraft:diamond":10,"minecraft:diamond_leggings":1,"minecraft:rotten_flesh":1,"minecraft:iron_helmet":2,"minecraft:cobblestone":361,"minecraft:iron_boots":5,"minecraft:granite":12,"minecraft:flint":1,"minecraft:dirt":11,"minecraft:red_bed":1,"minecraft:diorite":65,"minecraft:gunpowder":1,"minecraft:diamond_chestplate":1,"minecraft:torch":1,"minecraft:diamond_pickaxe":1,"minecraft:iron_chestplate":1,"minecraft:andesite":18,"minecraft:melon_seeds":2,"minecraft:diamond_helmet":1,"minecraft:iron_leggings":4,"minecraft:sandstone":1,"minecraft:diamond_boots":2,"minecraft:iron_axe":1,"minecraft:arrow":2,"minecraft:wooden_pickaxe":1,"minecraft:iron_pickaxe":7,"minecraft:white_wool":1,"minecraft:acacia_planks":1,"minecraft:bone":1},"minecraft:mined":{"minecraft:diamond_ore":51,"minecraft:cut_sandstone":5,"minecraft:acacia_leaves":6,"minecraft:red_bed":1,"minecraft:crafting_table":8,"minecraft:granite":15,"minecraft:acacia_log":45,"minecraft:grass_block":3,"minecraft:tall_grass":11,"minecraft:cobblestone":56,"minecraft:acacia_pressure_plate":1,"minecraft:diorite":21,"minecraft:sandstone":1,"minecraft:wall_torch":6,"minecraft:redstone_ore":7,"minecraft:iron_ore":52,"minecraft:wheat":11,"minecraft:andesite":17,"minecraft:tnt":9,"minecraft:grass":11,"minecraft:coal_ore":37,"minecraft:oak_log":6,"minecraft:gravel":4,"minecraft:dirt":16,"minecraft:acacia_planks":3,"minecraft:stone":477,"minecraft:gold_ore":21,"minecraft:orange_bed":2},"minecraft:picked_up":{"minecraft:wheat":12,"minecraft:crafting_table":7,"minecraft:andesite":21,"minecraft:cut_sandstone":4,"minecraft:acacia_pressure_plate":1,"minecraft:flint":1,"minecraft:oak_log":6,"minecraft:gunpowder":1,"minecraft:lapis_lazuli":43,"minecraft:string":2,"minecraft:dirt":21,"minecraft:red_bed":3,"minecraft:iron_leggings":3,"minecraft:bone":2,"minecraft:acacia_planks":4,"minecraft:wheat_seeds":79,"minecraft:iron_ingot":24,"minecraft:iron_ore":122,"minecraft:iron_pickaxe":1,"minecraft:iron_sword":1,"minecraft:iron_boots":3,"minecraft:stick":3,"minecraft:sandstone":2,"minecraft:torch":23,"minecraft:acacia_log":42,"minecraft:porkchop":1,"minecraft:diorite":68,"minecraft:gold_ore":27,"minecraft:redstone":61,"minecraft:spider_eye":1,"minecraft:tnt":9,"minecraft:arrow":4,"minecraft:rotten_flesh":1,"minecraft:diamond":79,"minecraft:diamond_boots":1,"minecraft:granite":19,"minecraft:bread":65,"minecraft:melon_seeds":2,"minecraft:mutton":4,"minecraft:coal":82,"minecraft:white_wool":3,"minecraft:cobblestone":785,"minecraft:diamond_pickaxe":1},"minecraft:used":{"minecraft:stone_sword":20,"minecraft:stone_pickaxe":82,"minecraft:chest":2,"minecraft:shield":3,"minecraft:wooden_pickaxe":12,"minecraft:cut_sandstone":4,"minecraft:iron_sword":5,"minecraft:torch":44,"minecraft:dirt":6,"minecraft:crafting_table":10,"minecraft:red_bed":2,"minecraft:granite":7,"minecraft:diamond_pickaxe":499,"minecraft:iron_axe":43,"minecraft:bread":27,"minecraft:iron_pickaxe":206,"minecraft:stone_axe":39,"minecraft:diamond_sword":7,"minecraft:cobblestone":155,"minecraft:acacia_pressure_plate":1,"minecraft:furnace":2,"minecraft:acacia_planks":48},"minecraft:killed":{"minecraft:pig":1,"minecraft:spider":1,"minecraft:sheep":1,"minecraft:skeleton":2,"minecraft:zombie":3},"minecraft:crafted":{"minecraft:oak_planks":24,"minecraft:diamond_sword":1,"minecraft:diamond_axe":1,"minecraft:crafting_table":4,"minecraft:acacia_pressure_plate":1,"minecraft:iron_helmet":2,"minecraft:wooden_pickaxe":1,"minecraft:iron_sword":1,"minecraft:furnace":2,"minecraft:stone_axe":1,"minecraft:bread":4,"minecraft:air":0,"minecraft:diamond_helmet":2,"minecraft:diamond_leggings":2,"minecraft:iron_boots":2,"minecraft:iron_chestplate":1,"minecraft:diamond_pickaxe":1,"minecraft:shield":2,"minecraft:iron_axe":1,"minecraft:stick":124,"minecraft:iron_ingot":84,"minecraft:iron_pickaxe":6,"minecraft:stone_pickaxe":1,"minecraft:stone_sword":1,"minecraft:chest":2,"minecraft:diamond_boots":2,"minecraft:iron_leggings":1,"minecraft:acacia_planks":132,"minecraft:torch":64,"minecraft:diamond_chestplate":2},"minecraft:killed_by":{"minecraft:zombie":1},"minecraft:custom":{"minecraft:interact_with_furnace":42,"minecraft:mob_kills":9,"minecraft:interact_with_crafting_table":53,"minecraft:play_one_minute":125962,"minecraft:time_since_death":119346,"minecraft:sleep_in_bed":2,"minecraft:time_since_rest":61469,"minecraft:sprint_one_cm":199703,"minecraft:damage_taken":1328,"minecraft:walk_one_cm":347095,"minecraft:damage_blocked_by_shield":110,"minecraft:drop":69,"minecraft:damage_dealt":1571,"minecraft:swim_one_cm":958,"minecraft:fly_one_cm":314114,"minecraft:open_chest":6,"minecraft:crouch_one_cm":11303,"minecraft:deaths":2,"minecraft:sneak_time":4648,"minecraft:walk_under_water_one_cm":2752,"minecraft:jump":2293,"minecraft:walk_on_water_one_cm":6178,"minecraft:fall_one_cm":52294}},"DataVersion":2586}