{"stats":{"minecraft:mined":{"minecraft:grass":9,"minecraft:acacia_log":3,"minecraft:grass_block":1,"minecraft:tall_grass":2,"minecraft:crafting_table":1},"minecraft:custom":{"minecraft:time_since_rest":6000,"minecraft:play_one_minute":6000,"minecraft:crouch_one_cm":182,"minecraft:sprint_one_cm":26544,"minecraft:damage_taken":20,"minecraft:walk_one_cm":4759,"minecraft:sneak_time":252,"minecraft:mob_kills":5,"minecraft:jump":84,"minecraft:damage_dealt":640,"minecraft:time_since_death":6000,"minecraft:fall_one_cm":954,"minecraft:interact_with_crafting_table":1,"minecraft:fly_one_cm":18805},"minecraft:killed":{"minecraft:horse":1,"minecraft:sheep":1,"minecraft:pig":2,"minecraft:cow":1},"minecraft:picked_up":{"minecraft:crafting_table":1,"minecraft:leather":3,"minecraft:wheat_seeds":2,"minecraft:acacia_log":3,"minecraft:beef":1,"minecraft:porkchop":5,"minecraft:mutton":1,"minecraft:white_wool":1,"minecraft:dirt":1},"minecraft:used":{"minecraft:wooden_axe":18,"minecraft:dirt":1,"minecraft:crafting_table":1},"minecraft:crafted":{"minecraft:acacia_planks":12,"minecraft:crafting_table":1,"minecraft:stick":4,"minecraft:wooden_pickaxe":1,"minecraft:wooden_axe":1}},"DataVersion":2586}