{"stats":{"minecraft:dropped":{"minecraft:iron_ingot":5,"minecraft:wheat_seeds":28,"minecraft:oak_log":5,"minecraft:crafting_table":3,"minecraft:cobblestone":9,"minecraft:apple":1,"minecraft:coal":5,"minecraft:stick":2,"minecraft:stone_axe":1,"minecraft:oak_planks":10,"minecraft:oak_fence_gate":1,"minecraft:shield":1,"minecraft:charcoal":2,"minecraft:oak_sapling":1,"minecraft:iron_ore":8,"minecraft:glass":21},"minecraft:mined":{"minecraft:ladder":9,"minecraft:granite":10,"minecraft:acacia_log":3,"minecraft:grass_block":12,"minecraft:composter":1,"minecraft:sandstone":31,"minecraft:carrots":11,"minecraft:furnace":1,"minecraft:iron_ore":8,"minecraft:andesite":2,"minecraft:potatoes":7,"minecraft:stone":158,"minecraft:green_bed":1,"minecraft:oak_slab":10,"minecraft:cut_sandstone":1,"minecraft:red_wool":2,"minecraft:orange_terracotta":1,"minecraft:dandelion":1,"minecraft:oak_fence":33,"minecraft:smooth_sandstone":3,"minecraft:crafting_table":9,"minecraft:torch":1,"minecraft:chest":2,"minecraft:dead_bush":6,"minecraft:campfire":1,"minecraft:tall_grass":9,"minecraft:glass":3,"minecraft:cobblestone":35,"minecraft:oak_planks":12,"minecraft:wall_torch":4,"minecraft:cactus":4,"minecraft:lime_bed":1,"minecraft:wheat":8,"minecraft:stripped_oak_wood":1,"minecraft:yellow_bed":1,"minecraft:grass":31,"minecraft:oak_log":42,"minecraft:coal_ore":13,"minecraft:oak_fence_gate":1,"minecraft:sand":80,"minecraft:dirt":15,"minecraft:oak_leaves":22},"minecraft:picked_up":{"minecraft:charcoal":2,"minecraft:iron_chestplate":2,"minecraft:crafting_table":10,"minecraft:wheat":36,"minecraft:ladder":18,"minecraft:leather_leggings":1,"minecraft:wooden_pickaxe":1,"minecraft:enchanted_book":1,"minecraft:chain":2,"minecraft:shield":4,"minecraft:string":15,"minecraft:iron_axe":1,"minecraft:iron_leggings":1,"minecraft:beef":1,"minecraft:oak_boat":10,"minecraft:iron_pickaxe":2,"minecraft:chest":3,"minecraft:iron_boots":3,"minecraft:furnace":2,"minecraft:stick":16,"minecraft:sandstone":12,"minecraft:composter":2,"minecraft:oak_fence":50,"minecraft:green_bed":1,"minecraft:torch":26,"minecraft:acacia_log":3,"minecraft:porkchop":10,"minecraft:carrot":36,"minecraft:redstone":38,"minecraft:stone_sword":1,"minecraft:cactus":30,"minecraft:rotten_flesh":3,"minecraft:saddle":2,"minecraft:gold_ingot":5,"minecraft:mutton":5,"minecraft:white_wool":3,"minecraft:cobblestone":233,"minecraft:lime_bed":1,"minecraft:andesite":1,"minecraft:leather":3,"minecraft:potato":12,"minecraft:oak_log":47,"minecraft:yellow_bed":2,"minecraft:dirt":39,"minecraft:glass":2,"minecraft:bone":14,"minecraft:apple":2,"minecraft:wheat_seeds":91,"minecraft:iron_ingot":22,"minecraft:oak_fence_gate":1,"minecraft:iron_ore":8,"minecraft:iron_sword":1,"minecraft:oak_planks":62,"minecraft:oak_slab":10,"minecraft:red_wool":2,"minecraft:dandelion":1,"minecraft:sand":193,"minecraft:diamond":5,"minecraft:stone_axe":1,"minecraft:iron_helmet":1,"minecraft:granite":10,"minecraft:golden_apple":1,"minecraft:gray_wool":1,"minecraft:emerald":3,"minecraft:bread":223,"minecraft:baked_potato":4,"minecraft:oak_sapling":2,"minecraft:coal":60},"minecraft:broken":{"minecraft:stone_pickaxe":1},"minecraft:used":{"minecraft:ladder":9,"minecraft:chest":1,"minecraft:shield":19,"minecraft:rotten_flesh":2,"minecraft:torch":30,"minecraft:dirt":18,"minecraft:granite":10,"minecraft:glass":17,"minecraft:wooden_axe":31,"minecraft:red_wool":2,"minecraft:iron_axe":88,"minecraft:furnace":1,"minecraft:potato":20,"minecraft:stone_pickaxe":131,"minecraft:baked_potato":4,"minecraft:oak_planks":14,"minecraft:cactus":6,"minecraft:wooden_pickaxe":67,"minecraft:green_bed":1,"minecraft:sand":34,"minecraft:lime_bed":1,"minecraft:oak_slab":16,"minecraft:crafting_table":10,"minecraft:campfire":1,"minecraft:oak_log":3,"minecraft:apple":1,"minecraft:bread":35,"minecraft:iron_pickaxe":78,"minecraft:stone_axe":132,"minecraft:cobblestone":150,"minecraft:porkchop":4,"minecraft:chain":1,"minecraft:oak_boat":12},"minecraft:killed":{"minecraft:spider":2,"minecraft:horse":1,"minecraft:skeleton":3,"minecraft:husk":3,"minecraft:pig":4,"minecraft:iron_golem":1,"minecraft:bat":1,"minecraft:sheep":3,"minecraft:zombie":1,"minecraft:cow":1},"minecraft:crafted":{"minecraft:oak_planks":124,"minecraft:furnace":1,"minecraft:glass":33,"minecraft:iron_axe":1,"minecraft:ladder":9,"minecraft:stone_pickaxe":2,"minecraft:oak_slab":6,"minecraft:crafting_table":5,"minecraft:wooden_pickaxe":3,"minecraft:campfire":1,"minecraft:stone_axe":3,"minecraft:oak_boat":8,"minecraft:stick":60,"minecraft:iron_pickaxe":1,"minecraft:wooden_axe":1,"minecraft:acacia_planks":12,"minecraft:torch":36},"minecraft:killed_by":{"minecraft:player":2,"minecraft:spider":1,"minecraft:witch":1,"minecraft:zombie":2},"minecraft:custom":{"minecraft:mob_kills":20,"minecraft:interact_with_crafting_table":26,"minecraft:interact_with_campfire":4,"minecraft:leave_game":3,"minecraft:time_since_death":4098,"minecraft:climb_one_cm":2544,"minecraft:sprint_one_cm":498358,"minecraft:walk_one_cm":450676,"minecraft:damage_blocked_by_shield":877,"minecraft:drop":30,"minecraft:talked_to_villager":10,"minecraft:deaths":6,"minecraft:sneak_time":7893,"minecraft:walk_under_water_one_cm":1058,"minecraft:boat_one_cm":1018198,"minecraft:jump":2401,"minecraft:walk_on_water_one_cm":5907,"minecraft:interact_with_furnace":13,"minecraft:play_one_minute":199745,"minecraft:sleep_in_bed":14,"minecraft:time_since_rest":4118,"minecraft:damage_taken":3398,"minecraft:damage_dealt":4948,"minecraft:swim_one_cm":4039,"minecraft:fly_one_cm":395963,"minecraft:open_chest":20,"minecraft:crouch_one_cm":12484,"minecraft:fall_one_cm":42030}},"DataVersion":2586}