{"stats":{"minecraft:mined":{"minecraft:crafting_table":4,"minecraft:grass":19,"minecraft:acacia_log":3,"minecraft:grass_block":8,"minecraft:coal_ore":5,"minecraft:oak_log":9,"minecraft:dead_bush":1,"minecraft:dirt":1,"minecraft:tall_grass":4,"minecraft:cobblestone":6,"minecraft:stone":13,"minecraft:oak_planks":11,"minecraft:wall_torch":1,"minecraft:oak_leaves":7},"minecraft:custom":{"minecraft:time_since_rest":1724,"minecraft:sprint_one_cm":128600,"minecraft:damage_taken":1304,"minecraft:walk_one_cm":88918,"minecraft:damage_blocked_by_shield":257,"minecraft:mob_kills":10,"minecraft:damage_dealt":1496,"minecraft:interact_with_crafting_table":7,"minecraft:fly_one_cm":136480,"minecraft:open_chest":2,"minecraft:crouch_one_cm":2404,"minecraft:play_one_minute":31975,"minecraft:deaths":5,"minecraft:sneak_time":2350,"minecraft:jump":612,"minecraft:walk_on_water_one_cm":2327,"minecraft:leave_game":1,"minecraft:time_since_death":1704,"minecraft:fall_one_cm":11068},"minecraft:killed":{"minecraft:sheep":3,"minecraft:horse":1,"minecraft:pig":4,"minecraft:spider":1,"minecraft:cow":1},"minecraft:killed_by":{"minecraft:player":2,"minecraft:spider":1,"minecraft:zombie":2},"minecraft:picked_up":{"minecraft:iron_chestplate":1,"minecraft:stick":6,"minecraft:crafting_table":4,"minecraft:leather":3,"minecraft:torch":3,"minecraft:wooden_pickaxe":1,"minecraft:acacia_log":3,"minecraft:porkchop":10,"minecraft:oak_log":11,"minecraft:shield":1,"minecraft:string":1,"minecraft:dirt":22,"minecraft:iron_leggings":1,"minecraft:stone_sword":1,"minecraft:rotten_flesh":1,"minecraft:stone_axe":1,"minecraft:wheat_seeds":7,"minecraft:iron_helmet":1,"minecraft:beef":1,"minecraft:gray_wool":1,"minecraft:bread":128,"minecraft:oak_sapling":1,"minecraft:mutton":5,"minecraft:oak_planks":26,"minecraft:coal":5,"minecraft:iron_boots":1,"minecraft:white_wool":3,"minecraft:cobblestone":29},"minecraft:used":{"minecraft:wooden_axe":31,"minecraft:oak_planks":13,"minecraft:shield":4,"minecraft:wooden_pickaxe":30,"minecraft:stone_axe":20,"minecraft:torch":1,"minecraft:dirt":15,"minecraft:crafting_table":4,"minecraft:porkchop":4},"minecraft:crafted":{"minecraft:oak_planks":28,"minecraft:crafting_table":2,"minecraft:stick":20,"minecraft:wooden_pickaxe":2,"minecraft:stone_pickaxe":1,"minecraft:wooden_axe":1,"minecraft:acacia_planks":12,"minecraft:torch":4,"minecraft:stone_axe":2}},"DataVersion":2586}