{"stats":{"minecraft:mined":{"minecraft:red_wool":2,"minecraft:dandelion":1,"minecraft:crafting_table":4,"minecraft:acacia_log":3,"minecraft:grass_block":8,"minecraft:dead_bush":4,"minecraft:tall_grass":4,"minecraft:cobblestone":6,"minecraft:oak_planks":11,"minecraft:wall_torch":1,"minecraft:cactus":3,"minecraft:grass":20,"minecraft:oak_log":9,"minecraft:coal_ore":5,"minecraft:sand":10,"minecraft:dirt":1,"minecraft:stone":49,"minecraft:oak_leaves":7},"minecraft:custom":{"minecraft:mob_kills":10,"minecraft:interact_with_crafting_table":11,"minecraft:play_one_minute":43975,"minecraft:leave_game":1,"minecraft:time_since_death":13704,"minecraft:sleep_in_bed":1,"minecraft:time_since_rest":7763,"minecraft:sprint_one_cm":164758,"minecraft:damage_taken":1443,"minecraft:walk_one_cm":142565,"minecraft:damage_blocked_by_shield":602,"minecraft:drop":1,"minecraft:damage_dealt":1496,"minecraft:fly_one_cm":158671,"minecraft:open_chest":2,"minecraft:crouch_one_cm":3019,"minecraft:deaths":5,"minecraft:sneak_time":3380,"minecraft:jump":801,"minecraft:walk_on_water_one_cm":2327,"minecraft:fall_one_cm":14229},"minecraft:killed":{"minecraft:pig":4,"minecraft:spider":1,"minecraft:horse":1,"minecraft:sheep":3,"minecraft:cow":1},"minecraft:killed_by":{"minecraft:player":2,"minecraft:spider":1,"minecraft:zombie":2},"minecraft:picked_up":{"minecraft:crafting_table":5,"minecraft:iron_chestplate":1,"minecraft:leather":3,"minecraft:wooden_pickaxe":1,"minecraft:oak_log":14,"minecraft:chain":2,"minecraft:shield":2,"minecraft:dirt":22,"minecraft:string":1,"minecraft:iron_leggings":1,"minecraft:wheat_seeds":9,"minecraft:beef":1,"minecraft:oak_planks":26,"minecraft:iron_boots":2,"minecraft:stick":13,"minecraft:torch":3,"minecraft:red_wool":2,"minecraft:acacia_log":3,"minecraft:dandelion":1,"minecraft:porkchop":10,"minecraft:sand":54,"minecraft:stone_sword":1,"minecraft:cactus":4,"minecraft:rotten_flesh":3,"minecraft:stone_axe":1,"minecraft:iron_helmet":1,"minecraft:gray_wool":1,"minecraft:bread":184,"minecraft:oak_sapling":1,"minecraft:mutton":5,"minecraft:coal":5,"minecraft:white_wool":3,"minecraft:cobblestone":65},"minecraft:used":{"minecraft:oak_planks":13,"minecraft:cactus":4,"minecraft:wooden_pickaxe":66,"minecraft:shield":13,"minecraft:rotten_flesh":2,"minecraft:torch":1,"minecraft:dirt":15,"minecraft:sand":27,"minecraft:crafting_table":5,"minecraft:wooden_axe":31,"minecraft:red_wool":2,"minecraft:bread":2,"minecraft:stone_axe":20,"minecraft:cobblestone":23,"minecraft:porkchop":4,"minecraft:chain":1},"minecraft:dropped":{"minecraft:crafting_table":1},"minecraft:crafted":{"minecraft:oak_planks":36,"minecraft:crafting_table":3,"minecraft:wooden_pickaxe":3,"minecraft:stone_axe":3,"minecraft:stick":20,"minecraft:stone_pickaxe":2,"minecraft:wooden_axe":1,"minecraft:acacia_planks":12,"minecraft:torch":4}},"DataVersion":2586}