{"stats":{"minecraft:mined":{"minecraft:oak_slab":10,"minecraft:red_wool":2,"minecraft:dandelion":1,"minecraft:oak_fence":33,"minecraft:crafting_table":9,"minecraft:ladder":9,"minecraft:granite":10,"minecraft:acacia_log":3,"minecraft:grass_block":9,"minecraft:chest":2,"minecraft:dead_bush":6,"minecraft:campfire":1,"minecraft:glass":3,"minecraft:tall_grass":4,"minecraft:cobblestone":9,"minecraft:composter":1,"minecraft:oak_planks":11,"minecraft:sandstone":12,"minecraft:wall_torch":2,"minecraft:lime_bed":1,"minecraft:cactus":3,"minecraft:furnace":1,"minecraft:carrots":11,"minecraft:wheat":8,"minecraft:andesite":1,"minecraft:stripped_oak_wood":1,"minecraft:yellow_bed":1,"minecraft:grass":23,"minecraft:potatoes":7,"minecraft:oak_log":39,"minecraft:coal_ore":13,"minecraft:oak_fence_gate":1,"minecraft:sand":78,"minecraft:dirt":5,"minecraft:stone":90,"minecraft:oak_leaves":22},"minecraft:custom":{"minecraft:interact_with_furnace":13,"minecraft:mob_kills":14,"minecraft:interact_with_crafting_table":20,"minecraft:play_one_minute":127975,"minecraft:interact_with_campfire":4,"minecraft:leave_game":1,"minecraft:time_since_death":97704,"minecraft:sleep_in_bed":6,"minecraft:climb_one_cm":2544,"minecraft:time_since_rest":39470,"minecraft:sprint_one_cm":271843,"minecraft:damage_taken":2139,"minecraft:walk_one_cm":318092,"minecraft:damage_blocked_by_shield":662,"minecraft:drop":7,"minecraft:damage_dealt":2521,"minecraft:swim_one_cm":4039,"minecraft:fly_one_cm":248399,"minecraft:open_chest":14,"minecraft:crouch_one_cm":7623,"minecraft:deaths":5,"minecraft:sneak_time":5675,"minecraft:walk_under_water_one_cm":1058,"minecraft:boat_one_cm":995782,"minecraft:jump":1496,"minecraft:walk_on_water_one_cm":5163,"minecraft:fall_one_cm":26368},"minecraft:killed":{"minecraft:husk":2,"minecraft:pig":4,"minecraft:spider":1,"minecraft:skeleton":1,"minecraft:horse":1,"minecraft:sheep":3,"minecraft:zombie":1,"minecraft:cow":1},"minecraft:killed_by":{"minecraft:player":2,"minecraft:spider":1,"minecraft:zombie":2},"minecraft:picked_up":{"minecraft:charcoal":2,"minecraft:lime_bed":1,"minecraft:wheat":7,"minecraft:crafting_table":10,"minecraft:iron_chestplate":1,"minecraft:ladder":9,"minecraft:andesite":1,"minecraft:leather":3,"minecraft:wooden_pickaxe":1,"minecraft:potato":12,"minecraft:oak_log":44,"minecraft:chain":2,"minecraft:yellow_bed":1,"minecraft:shield":3,"minecraft:dirt":27,"minecraft:string":1,"minecraft:iron_leggings":1,"minecraft:glass":2,"minecraft:apple":1,"minecraft:wheat_seeds":30,"minecraft:oak_boat":3,"minecraft:oak_fence_gate":1,"minecraft:beef":1,"minecraft:chest":2,"minecraft:oak_planks":26,"minecraft:iron_boots":2,"minecraft:furnace":1,"minecraft:oak_slab":10,"minecraft:stick":14,"minecraft:sandstone":12,"minecraft:oak_fence":33,"minecraft:composter":1,"minecraft:torch":9,"minecraft:red_wool":2,"minecraft:acacia_log":3,"minecraft:dandelion":1,"minecraft:porkchop":10,"minecraft:sand":133,"minecraft:carrot":18,"minecraft:stone_sword":1,"minecraft:cactus":6,"minecraft:rotten_flesh":3,"minecraft:stone_axe":1,"minecraft:iron_helmet":1,"minecraft:granite":10,"minecraft:gray_wool":1,"minecraft:bread":184,"minecraft:baked_potato":4,"minecraft:oak_sapling":2,"minecraft:mutton":5,"minecraft:coal":13,"minecraft:white_wool":3,"minecraft:cobblestone":108},"minecraft:used":{"minecraft:stone_pickaxe":82,"minecraft:baked_potato":4,"minecraft:ladder":9,"minecraft:oak_planks":13,"minecraft:chest":1,"minecraft:cactus":6,"minecraft:wooden_pickaxe":67,"minecraft:shield":14,"minecraft:rotten_flesh":2,"minecraft:torch":2,"minecraft:dirt":18,"minecraft:sand":28,"minecraft:oak_slab":16,"minecraft:crafting_table":9,"minecraft:campfire":1,"minecraft:granite":10,"minecraft:glass":17,"minecraft:wooden_axe":31,"minecraft:red_wool":2,"minecraft:iron_axe":47,"minecraft:bread":14,"minecraft:stone_axe":132,"minecraft:cobblestone":46,"minecraft:furnace":1,"minecraft:porkchop":4,"minecraft:chain":1,"minecraft:oak_boat":5,"minecraft:potato":20},"minecraft:crafted":{"minecraft:oak_slab":6,"minecraft:oak_planks":60,"minecraft:crafting_table":4,"minecraft:wooden_pickaxe":3,"minecraft:furnace":1,"minecraft:campfire":1,"minecraft:stone_axe":3,"minecraft:oak_boat":3,"minecraft:glass":33,"minecraft:iron_axe":1,"minecraft:ladder":9,"minecraft:stick":48,"minecraft:stone_pickaxe":2,"minecraft:wooden_axe":1,"minecraft:acacia_planks":12,"minecraft:torch":4},"minecraft:dropped":{"minecraft:stone_axe":1,"minecraft:crafting_table":3,"minecraft:oak_fence_gate":1,"minecraft:shield":1,"minecraft:oak_sapling":1}},"DataVersion":2586}