{"stats":{"minecraft:mined":{"minecraft:crafting_table":2,"minecraft:grass":16,"minecraft:acacia_log":3,"minecraft:grass_block":8,"minecraft:coal_ore":5,"minecraft:oak_log":4,"minecraft:dirt":1,"minecraft:tall_grass":4,"minecraft:cobblestone":3,"minecraft:stone":3,"minecraft:oak_planks":11,"minecraft:wall_torch":1,"minecraft:oak_leaves":6},"minecraft:custom":{"minecraft:time_since_rest":444,"minecraft:sprint_one_cm":81587,"minecraft:damage_taken":725,"minecraft:walk_one_cm":46997,"minecraft:mob_kills":8,"minecraft:damage_dealt":1022,"minecraft:interact_with_crafting_table":5,"minecraft:fly_one_cm":100522,"minecraft:crouch_one_cm":2404,"minecraft:play_one_minute":20049,"minecraft:deaths":3,"minecraft:sneak_time":2350,"minecraft:jump":419,"minecraft:leave_game":1,"minecraft:time_since_death":424,"minecraft:fall_one_cm":6859},"minecraft:killed":{"minecraft:sheep":2,"minecraft:horse":1,"minecraft:pig":3,"minecraft:spider":1,"minecraft:cow":1},"minecraft:killed_by":{"minecraft:spider":1,"minecraft:zombie":2},"minecraft:picked_up":{"minecraft:crafting_table":2,"minecraft:leather":3,"minecraft:torch":1,"minecraft:acacia_log":3,"minecraft:porkchop":6,"minecraft:oak_log":4,"minecraft:string":1,"minecraft:dirt":22,"minecraft:wheat_seeds":5,"minecraft:beef":1,"minecraft:gray_wool":1,"minecraft:oak_sapling":1,"minecraft:mutton":3,"minecraft:oak_planks":9,"minecraft:coal":5,"minecraft:white_wool":1,"minecraft:cobblestone":6},"minecraft:used":{"minecraft:wooden_axe":31,"minecraft:oak_planks":13,"minecraft:wooden_pickaxe":15,"minecraft:stone_axe":8,"minecraft:torch":1,"minecraft:dirt":15,"minecraft:crafting_table":3,"minecraft:porkchop":2},"minecraft:crafted":{"minecraft:oak_planks":16,"minecraft:crafting_table":1,"minecraft:stick":12,"minecraft:wooden_pickaxe":1,"minecraft:stone_pickaxe":1,"minecraft:wooden_axe":1,"minecraft:acacia_planks":12,"minecraft:torch":4,"minecraft:stone_axe":1}},"DataVersion":2586}