{"stats":{"minecraft:mined":{"minecraft:oak_slab":10,"minecraft:red_wool":2,"minecraft:dandelion":1,"minecraft:crafting_table":5,"minecraft:acacia_log":3,"minecraft:grass_block":8,"minecraft:dead_bush":5,"minecraft:tall_grass":4,"minecraft:cobblestone":9,"minecraft:oak_planks":11,"minecraft:wall_torch":1,"minecraft:cactus":3,"minecraft:andesite":1,"minecraft:grass":20,"minecraft:oak_log":18,"minecraft:coal_ore":13,"minecraft:sand":13,"minecraft:dirt":1,"minecraft:stone":74,"minecraft:oak_leaves":7},"minecraft:custom":{"minecraft:interact_with_furnace":6,"minecraft:mob_kills":10,"minecraft:interact_with_crafting_table":15,"minecraft:play_one_minute":55975,"minecraft:leave_game":1,"minecraft:time_since_death":25704,"minecraft:sleep_in_bed":1,"minecraft:time_since_rest":19763,"minecraft:sprint_one_cm":190042,"minecraft:damage_taken":1533,"minecraft:walk_one_cm":189753,"minecraft:damage_blocked_by_shield":602,"minecraft:drop":1,"minecraft:damage_dealt":1496,"minecraft:fly_one_cm":163092,"minecraft:open_chest":2,"minecraft:crouch_one_cm":4580,"minecraft:deaths":5,"minecraft:sneak_time":4533,"minecraft:jump":905,"minecraft:walk_on_water_one_cm":2327,"minecraft:fall_one_cm":15034},"minecraft:killed":{"minecraft:pig":4,"minecraft:spider":1,"minecraft:horse":1,"minecraft:sheep":3,"minecraft:cow":1},"minecraft:killed_by":{"minecraft:player":2,"minecraft:spider":1,"minecraft:zombie":2},"minecraft:picked_up":{"minecraft:crafting_table":6,"minecraft:iron_chestplate":1,"minecraft:andesite":1,"minecraft:leather":3,"minecraft:wooden_pickaxe":1,"minecraft:oak_log":23,"minecraft:chain":2,"minecraft:shield":2,"minecraft:dirt":22,"minecraft:string":1,"minecraft:iron_leggings":1,"minecraft:wheat_seeds":9,"minecraft:beef":1,"minecraft:oak_planks":26,"minecraft:iron_boots":2,"minecraft:oak_slab":10,"minecraft:stick":13,"minecraft:torch":3,"minecraft:red_wool":2,"minecraft:acacia_log":3,"minecraft:dandelion":1,"minecraft:porkchop":10,"minecraft:sand":57,"minecraft:stone_sword":1,"minecraft:cactus":6,"minecraft:rotten_flesh":3,"minecraft:stone_axe":1,"minecraft:iron_helmet":1,"minecraft:gray_wool":1,"minecraft:bread":184,"minecraft:oak_sapling":1,"minecraft:mutton":5,"minecraft:coal":13,"minecraft:white_wool":3,"minecraft:cobblestone":92},"minecraft:used":{"minecraft:stone_pickaxe":36,"minecraft:oak_planks":13,"minecraft:cactus":6,"minecraft:wooden_pickaxe":67,"minecraft:shield":13,"minecraft:rotten_flesh":2,"minecraft:torch":1,"minecraft:dirt":15,"minecraft:sand":27,"minecraft:oak_slab":16,"minecraft:crafting_table":6,"minecraft:campfire":1,"minecraft:glass":7,"minecraft:wooden_axe":31,"minecraft:red_wool":2,"minecraft:bread":4,"minecraft:stone_axe":40,"minecraft:cobblestone":46,"minecraft:furnace":1,"minecraft:porkchop":4,"minecraft:chain":1},"minecraft:dropped":{"minecraft:crafting_table":1},"minecraft:crafted":{"minecraft:oak_slab":6,"minecraft:oak_planks":44,"minecraft:crafting_table":3,"minecraft:wooden_pickaxe":3,"minecraft:furnace":1,"minecraft:campfire":1,"minecraft:stone_axe":3,"minecraft:glass":7,"minecraft:stick":24,"minecraft:stone_pickaxe":2,"minecraft:wooden_axe":1,"minecraft:acacia_planks":12,"minecraft:torch":4}},"DataVersion":2586}