{"stats":{"minecraft:broken":{"minecraft:stone_pickaxe":1},"minecraft:mined":{"minecraft:oak_slab":10,"minecraft:cut_sandstone":1,"minecraft:red_wool":2,"minecraft:orange_terracotta":1,"minecraft:dandelion":1,"minecraft:oak_fence":33,"minecraft:smooth_sandstone":3,"minecraft:crafting_table":9,"minecraft:torch":1,"minecraft:ladder":9,"minecraft:granite":10,"minecraft:acacia_log":3,"minecraft:grass_block":11,"minecraft:chest":2,"minecraft:dead_bush":6,"minecraft:campfire":1,"minecraft:glass":3,"minecraft:tall_grass":9,"minecraft:cobblestone":24,"minecraft:oak_planks":12,"minecraft:composter":1,"minecraft:sandstone":31,"minecraft:wall_torch":3,"minecraft:lime_bed":1,"minecraft:cactus":3,"minecraft:furnace":1,"minecraft:carrots":11,"minecraft:iron_ore":8,"minecraft:wheat":8,"minecraft:andesite":2,"minecraft:stripped_oak_wood":1,"minecraft:yellow_bed":1,"minecraft:grass":30,"minecraft:coal_ore":13,"minecraft:potatoes":7,"minecraft:oak_log":42,"minecraft:oak_fence_gate":1,"minecraft:sand":78,"minecraft:dirt":14,"minecraft:stone":120,"minecraft:oak_leaves":22},"minecraft:custom":{"minecraft:interact_with_furnace":13,"minecraft:mob_kills":16,"minecraft:interact_with_crafting_table":20,"minecraft:play_one_minute":163776,"minecraft:interact_with_campfire":4,"minecraft:leave_game":3,"minecraft:time_since_death":133505,"minecraft:sleep_in_bed":12,"minecraft:climb_one_cm":2544,"minecraft:time_since_rest":9619,"minecraft:sprint_one_cm":368958,"minecraft:damage_taken":2332,"minecraft:walk_one_cm":382806,"minecraft:damage_blocked_by_shield":777,"minecraft:drop":8,"minecraft:damage_dealt":4058,"minecraft:swim_one_cm":4039,"minecraft:fly_one_cm":303794,"minecraft:open_chest":18,"minecraft:crouch_one_cm":9677,"minecraft:deaths":5,"minecraft:sneak_time":6609,"minecraft:walk_under_water_one_cm":1058,"minecraft:boat_one_cm":1007195,"minecraft:jump":1876,"minecraft:walk_on_water_one_cm":5223,"minecraft:fall_one_cm":31525},"minecraft:killed":{"minecraft:husk":2,"minecraft:pig":4,"minecraft:iron_golem":1,"minecraft:spider":1,"minecraft:bat":1,"minecraft:skeleton":1,"minecraft:horse":1,"minecraft:sheep":3,"minecraft:zombie":1,"minecraft:cow":1},"minecraft:killed_by":{"minecraft:player":2,"minecraft:spider":1,"minecraft:zombie":2},"minecraft:picked_up":{"minecraft:crafting_table":10,"minecraft:charcoal":2,"minecraft:lime_bed":1,"minecraft:iron_chestplate":1,"minecraft:wheat":8,"minecraft:ladder":9,"minecraft:andesite":1,"minecraft:leather":3,"minecraft:wooden_pickaxe":1,"minecraft:potato":12,"minecraft:oak_log":47,"minecraft:chain":2,"minecraft:shield":3,"minecraft:yellow_bed":1,"minecraft:string":1,"minecraft:dirt":38,"minecraft:iron_leggings":1,"minecraft:glass":2,"minecraft:apple":2,"minecraft:wheat_seeds":35,"minecraft:iron_ingot":3,"minecraft:beef":1,"minecraft:oak_fence_gate":1,"minecraft:oak_boat":5,"minecraft:iron_ore":8,"minecraft:chest":2,"minecraft:oak_planks":27,"minecraft:iron_boots":2,"minecraft:furnace":1,"minecraft:oak_slab":10,"minecraft:stick":14,"minecraft:sandstone":12,"minecraft:composter":1,"minecraft:oak_fence":33,"minecraft:torch":12,"minecraft:red_wool":2,"minecraft:acacia_log":3,"minecraft:dandelion":1,"minecraft:porkchop":10,"minecraft:sand":133,"minecraft:carrot":18,"minecraft:stone_sword":1,"minecraft:cactus":6,"minecraft:rotten_flesh":3,"minecraft:stone_axe":1,"minecraft:iron_helmet":1,"minecraft:granite":10,"minecraft:gray_wool":1,"minecraft:bread":184,"minecraft:baked_potato":4,"minecraft:oak_sapling":2,"minecraft:mutton":5,"minecraft:coal":13,"minecraft:white_wool":3,"minecraft:cobblestone":151},"minecraft:used":{"minecraft:stone_pickaxe":131,"minecraft:ladder":9,"minecraft:baked_potato":4,"minecraft:oak_planks":14,"minecraft:shield":15,"minecraft:chest":1,"minecraft:cactus":6,"minecraft:wooden_pickaxe":67,"minecraft:rotten_flesh":2,"minecraft:torch":8,"minecraft:dirt":18,"minecraft:sand":28,"minecraft:crafting_table":9,"minecraft:oak_slab":16,"minecraft:campfire":1,"minecraft:granite":10,"minecraft:oak_log":3,"minecraft:glass":17,"minecraft:wooden_axe":31,"minecraft:red_wool":2,"minecraft:iron_axe":68,"minecraft:bread":18,"minecraft:iron_pickaxe":29,"minecraft:stone_axe":132,"minecraft:cobblestone":100,"minecraft:porkchop":4,"minecraft:furnace":1,"minecraft:chain":1,"minecraft:oak_boat":7,"minecraft:potato":20},"minecraft:crafted":{"minecraft:oak_slab":6,"minecraft:oak_planks":60,"minecraft:crafting_table":4,"minecraft:wooden_pickaxe":3,"minecraft:furnace":1,"minecraft:campfire":1,"minecraft:stone_axe":3,"minecraft:oak_boat":3,"minecraft:glass":33,"minecraft:iron_axe":1,"minecraft:ladder":9,"minecraft:stick":48,"minecraft:stone_pickaxe":2,"minecraft:wooden_axe":1,"minecraft:acacia_planks":12,"minecraft:torch":4},"minecraft:dropped":{"minecraft:stone_axe":1,"minecraft:crafting_table":3,"minecraft:apple":1,"minecraft:oak_fence_gate":1,"minecraft:shield":1,"minecraft:oak_sapling":1}},"DataVersion":2586}