{"stats":{"minecraft:dropped":{"minecraft:iron_ingot":5,"minecraft:oak_log":5,"minecraft:crafting_table":3,"minecraft:cobblestone":9,"minecraft:apple":1,"minecraft:coal":5,"minecraft:stone_axe":1,"minecraft:oak_planks":10,"minecraft:oak_fence_gate":1,"minecraft:shield":1,"minecraft:charcoal":2,"minecraft:oak_sapling":1,"minecraft:iron_ore":8,"minecraft:glass":21},"minecraft:mined":{"minecraft:ladder":9,"minecraft:granite":10,"minecraft:acacia_log":3,"minecraft:grass_block":12,"minecraft:composter":1,"minecraft:sandstone":31,"minecraft:carrots":11,"minecraft:furnace":1,"minecraft:iron_ore":8,"minecraft:andesite":2,"minecraft:potatoes":7,"minecraft:stone":152,"minecraft:green_bed":1,"minecraft:oak_slab":10,"minecraft:cut_sandstone":1,"minecraft:red_wool":2,"minecraft:orange_terracotta":1,"minecraft:dandelion":1,"minecraft:oak_fence":33,"minecraft:smooth_sandstone":3,"minecraft:crafting_table":9,"minecraft:torch":1,"minecraft:chest":2,"minecraft:dead_bush":6,"minecraft:campfire":1,"minecraft:tall_grass":9,"minecraft:glass":3,"minecraft:cobblestone":28,"minecraft:oak_planks":12,"minecraft:wall_torch":4,"minecraft:cactus":4,"minecraft:lime_bed":1,"minecraft:wheat":8,"minecraft:stripped_oak_wood":1,"minecraft:yellow_bed":1,"minecraft:grass":31,"minecraft:oak_log":42,"minecraft:coal_ore":13,"minecraft:oak_fence_gate":1,"minecraft:sand":78,"minecraft:dirt":14,"minecraft:oak_leaves":22},"minecraft:picked_up":{"minecraft:charcoal":2,"minecraft:iron_chestplate":1,"minecraft:crafting_table":10,"minecraft:wheat":8,"minecraft:ladder":9,"minecraft:wooden_pickaxe":1,"minecraft:chain":2,"minecraft:shield":3,"minecraft:string":2,"minecraft:iron_leggings":1,"minecraft:beef":1,"minecraft:oak_boat":5,"minecraft:chest":2,"minecraft:iron_boots":2,"minecraft:furnace":1,"minecraft:stick":14,"minecraft:sandstone":12,"minecraft:composter":1,"minecraft:oak_fence":33,"minecraft:green_bed":1,"minecraft:torch":13,"minecraft:acacia_log":3,"minecraft:porkchop":10,"minecraft:carrot":18,"minecraft:stone_sword":1,"minecraft:cactus":9,"minecraft:rotten_flesh":3,"minecraft:mutton":5,"minecraft:white_wool":3,"minecraft:cobblestone":190,"minecraft:lime_bed":1,"minecraft:andesite":1,"minecraft:leather":3,"minecraft:potato":12,"minecraft:oak_log":47,"minecraft:yellow_bed":1,"minecraft:dirt":38,"minecraft:glass":2,"minecraft:apple":2,"minecraft:wheat_seeds":35,"minecraft:iron_ingot":3,"minecraft:oak_fence_gate":1,"minecraft:iron_ore":8,"minecraft:oak_planks":27,"minecraft:oak_slab":10,"minecraft:red_wool":2,"minecraft:dandelion":1,"minecraft:sand":133,"minecraft:stone_axe":1,"minecraft:iron_helmet":1,"minecraft:granite":10,"minecraft:gray_wool":1,"minecraft:bread":184,"minecraft:baked_potato":4,"minecraft:oak_sapling":2,"minecraft:coal":13},"minecraft:broken":{"minecraft:stone_pickaxe":1},"minecraft:used":{"minecraft:ladder":9,"minecraft:chest":1,"minecraft:shield":15,"minecraft:rotten_flesh":2,"minecraft:torch":30,"minecraft:dirt":18,"minecraft:granite":10,"minecraft:glass":17,"minecraft:wooden_axe":31,"minecraft:red_wool":2,"minecraft:iron_axe":79,"minecraft:furnace":1,"minecraft:potato":20,"minecraft:stone_pickaxe":131,"minecraft:baked_potato":4,"minecraft:oak_planks":14,"minecraft:cactus":6,"minecraft:wooden_pickaxe":67,"minecraft:sand":29,"minecraft:oak_slab":16,"minecraft:crafting_table":10,"minecraft:campfire":1,"minecraft:oak_log":3,"minecraft:apple":1,"minecraft:bread":26,"minecraft:iron_pickaxe":65,"minecraft:stone_axe":132,"minecraft:cobblestone":116,"minecraft:porkchop":4,"minecraft:chain":1,"minecraft:oak_boat":10},"minecraft:killed":{"minecraft:spider":2,"minecraft:horse":1,"minecraft:skeleton":2,"minecraft:husk":2,"minecraft:pig":4,"minecraft:iron_golem":1,"minecraft:bat":1,"minecraft:sheep":3,"minecraft:zombie":1,"minecraft:cow":1},"minecraft:crafted":{"minecraft:oak_planks":124,"minecraft:furnace":1,"minecraft:glass":33,"minecraft:iron_axe":1,"minecraft:ladder":9,"minecraft:stone_pickaxe":2,"minecraft:oak_slab":6,"minecraft:crafting_table":5,"minecraft:wooden_pickaxe":3,"minecraft:campfire":1,"minecraft:stone_axe":3,"minecraft:oak_boat":8,"minecraft:stick":60,"minecraft:iron_pickaxe":1,"minecraft:wooden_axe":1,"minecraft:acacia_planks":12,"minecraft:torch":36},"minecraft:killed_by":{"minecraft:player":2,"minecraft:spider":1,"minecraft:zombie":2},"minecraft:custom":{"minecraft:mob_kills":18,"minecraft:interact_with_crafting_table":25,"minecraft:interact_with_campfire":4,"minecraft:leave_game":3,"minecraft:time_since_death":157504,"minecraft:climb_one_cm":2544,"minecraft:sprint_one_cm":451353,"minecraft:walk_one_cm":437139,"minecraft:damage_blocked_by_shield":777,"minecraft:drop":28,"minecraft:talked_to_villager":10,"minecraft:deaths":5,"minecraft:sneak_time":6889,"minecraft:walk_under_water_one_cm":1058,"minecraft:boat_one_cm":1015126,"minecraft:jump":2174,"minecraft:walk_on_water_one_cm":5223,"minecraft:interact_with_furnace":13,"minecraft:play_one_minute":187775,"minecraft:sleep_in_bed":13,"minecraft:time_since_rest":22719,"minecraft:damage_taken":2717,"minecraft:damage_dealt":4663,"minecraft:swim_one_cm":4039,"minecraft:fly_one_cm":351997,"minecraft:open_chest":20,"minecraft:crouch_one_cm":10577,"minecraft:fall_one_cm":37274}},"DataVersion":2586}