{"stats":{"minecraft:mined":{"minecraft:coal_ore":17,"minecraft:grass":2,"minecraft:grass_block":1,"minecraft:oak_log":6,"minecraft:gravel":9,"minecraft:iron_ore":18,"minecraft:stone":17,"minecraft:crafting_table":1},"minecraft:custom":{"minecraft:time_since_rest":12000,"minecraft:interact_with_furnace":10,"minecraft:play_one_minute":12000,"minecraft:sprint_one_cm":33887,"minecraft:damage_taken":10,"minecraft:walk_one_cm":13835,"minecraft:sneak_time":4,"minecraft:drop":1,"minecraft:jump":203,"minecraft:damage_dealt":20,"minecraft:time_since_death":12000,"minecraft:fall_one_cm":4151,"minecraft:interact_with_crafting_table":9,"minecraft:fly_one_cm":54732},"minecraft:picked_up":{"minecraft:crafting_table":1,"minecraft:gravel":8,"minecraft:flint":1,"minecraft:iron_ore":18,"minecraft:oak_log":6,"minecraft:coal":17,"minecraft:dirt":1,"minecraft:cobblestone":17},"minecraft:used":{"minecraft:dirt":1,"minecraft:crafting_table":2,"minecraft:furnace":1,"minecraft:stone_pickaxe":17,"minecraft:iron_pickaxe":32,"minecraft:wooden_pickaxe":3},"minecraft:crafted":{"minecraft:furnace":1,"minecraft:oak_planks":24,"minecraft:shield":1,"minecraft:iron_axe":1,"minecraft:crafting_table":1,"minecraft:stick":8,"minecraft:iron_pickaxe":1,"minecraft:iron_ingot":8,"minecraft:stone_pickaxe":1,"minecraft:wooden_pickaxe":1,"minecraft:flint_and_steel":1},"minecraft:dropped":{"minecraft:gravel":8}},"DataVersion":2586}