{"stats":{"minecraft:mined":{"minecraft:smithing_table":1,"minecraft:smoker":1,"minecraft:brewing_stand":1,"minecraft:crafting_table":4,"minecraft:acacia_log":6,"minecraft:grass_block":1,"minecraft:melon":6,"minecraft:tall_grass":1,"minecraft:cobblestone":1,"minecraft:hay_block":12,"minecraft:furnace":1,"minecraft:iron_ore":21,"minecraft:wheat":2,"minecraft:grass":4,"minecraft:coal_ore":19,"minecraft:oak_log":6,"minecraft:acacia_fence":1,"minecraft:gravel":9,"minecraft:stone":23,"minecraft:orange_bed":1},"minecraft:custom":{"minecraft:interact_with_furnace":12,"minecraft:mob_kills":3,"minecraft:interact_with_crafting_table":13,"minecraft:play_one_minute":34373,"minecraft:bell_ring":6,"minecraft:leave_game":1,"minecraft:time_since_death":13011,"minecraft:time_since_rest":13031,"minecraft:sprint_one_cm":110162,"minecraft:damage_taken":590,"minecraft:walk_one_cm":70492,"minecraft:damage_blocked_by_shield":270,"minecraft:drop":2,"minecraft:damage_dealt":540,"minecraft:swim_one_cm":3667,"minecraft:talked_to_villager":1,"minecraft:fly_one_cm":201440,"minecraft:open_chest":5,"minecraft:deaths":2,"minecraft:sneak_time":4,"minecraft:walk_under_water_one_cm":1266,"minecraft:jump":777,"minecraft:walk_on_water_one_cm":2955,"minecraft:fall_one_cm":19942},"minecraft:killed":{"minecraft:spider":1,"minecraft:skeleton":1,"minecraft:zombie":1},"minecraft:killed_by":{"minecraft:husk":2},"minecraft:picked_up":{"minecraft:crafting_table":4,"minecraft:smithing_table":1,"minecraft:smoker":1,"minecraft:flint":1,"minecraft:oak_log":6,"minecraft:brewing_stand":1,"minecraft:dirt":1,"minecraft:string":2,"minecraft:wheat_seeds":3,"minecraft:iron_ore":21,"minecraft:melon_slice":28,"minecraft:furnace":1,"minecraft:stick":1,"minecraft:acacia_fence":1,"minecraft:acacia_log":6,"minecraft:gravel":8,"minecraft:spider_eye":1,"minecraft:orange_bed":1,"minecraft:arrow":2,"minecraft:rotten_flesh":2,"minecraft:hay_block":12,"minecraft:coal":19,"minecraft:cobblestone":24},"minecraft:used":{"minecraft:stone_pickaxe":24,"minecraft:shield":5,"minecraft:wooden_pickaxe":11,"minecraft:dirt":1,"minecraft:crafting_table":4,"minecraft:iron_axe":7,"minecraft:bread":2,"minecraft:iron_pickaxe":34,"minecraft:stone_axe":13,"minecraft:cobblestone":1,"minecraft:furnace":1},"minecraft:crafted":{"minecraft:oak_planks":24,"minecraft:crafting_table":2,"minecraft:wooden_pickaxe":2,"minecraft:furnace":1,"minecraft:stone_axe":1,"minecraft:bread":36,"minecraft:flint_and_steel":1,"minecraft:shield":1,"minecraft:iron_axe":1,"minecraft:stick":16,"minecraft:iron_ingot":18,"minecraft:iron_pickaxe":1,"minecraft:stone_pickaxe":2,"minecraft:acacia_planks":24,"minecraft:wheat":108},"minecraft:dropped":{"minecraft:gravel":8,"minecraft:rotten_flesh":2}},"DataVersion":2586}