{"stats":{"minecraft:dropped":{"minecraft:gravel":8,"minecraft:stone_axe":1,"minecraft:wheat_seeds":3,"minecraft:rotten_flesh":2,"minecraft:granite":7,"minecraft:dirt":1,"minecraft:glass":21,"minecraft:stone_pickaxe":1,"minecraft:wooden_pickaxe":1,"minecraft:acacia_fence":1},"minecraft:mined":{"minecraft:smithing_table":1,"minecraft:cut_sandstone":1,"minecraft:smoker":1,"minecraft:orange_terracotta":1,"minecraft:brewing_stand":1,"minecraft:smooth_sandstone":1,"minecraft:crafting_table":5,"minecraft:granite":7,"minecraft:red_sand":2,"minecraft:acacia_log":6,"minecraft:grass_block":2,"minecraft:melon":6,"minecraft:dead_bush":3,"minecraft:tall_grass":1,"minecraft:cobblestone":2,"minecraft:cyan_bed":1,"minecraft:smooth_sandstone_slab":1,"minecraft:sandstone":2,"minecraft:wall_torch":1,"minecraft:hay_block":25,"minecraft:lime_bed":4,"minecraft:furnace":2,"minecraft:iron_ore":51,"minecraft:wheat":2,"minecraft:white_glazed_terracotta":4,"minecraft:grass":5,"minecraft:coal_ore":40,"minecraft:oak_log":6,"minecraft:acacia_fence":1,"minecraft:gravel":9,"minecraft:sand":52,"minecraft:sandstone_wall":1,"minecraft:terracotta":2,"minecraft:acacia_planks":1,"minecraft:stone":52,"minecraft:green_bed":3,"minecraft:orange_bed":2},"minecraft:picked_up":{"minecraft:charcoal":2,"minecraft:lime_bed":4,"minecraft:crafting_table":5,"minecraft:cut_sandstone":1,"minecraft:smithing_table":1,"minecraft:smoker":1,"minecraft:flint":1,"minecraft:oak_log":11,"minecraft:brewing_stand":1,"minecraft:gunpowder":1,"minecraft:string":3,"minecraft:dirt":2,"minecraft:orange_terracotta":1,"minecraft:bone":3,"minecraft:smooth_sandstone":1,"minecraft:glass":21,"minecraft:acacia_planks":1,"minecraft:wheat_seeds":3,"minecraft:red_sand":2,"minecraft:rabbit_hide":1,"minecraft:iron_ingot":8,"minecraft:iron_ore":62,"minecraft:rabbit":1,"minecraft:melon_slice":28,"minecraft:oak_planks":10,"minecraft:furnace":2,"minecraft:white_glazed_terracotta":4,"minecraft:stick":3,"minecraft:sandstone":2,"minecraft:acacia_fence":1,"minecraft:torch":2,"minecraft:green_bed":3,"minecraft:acacia_log":6,"minecraft:gravel":8,"minecraft:sandstone_wall":1,"minecraft:sand":52,"minecraft:cyan_bed":1,"minecraft:spider_eye":1,"minecraft:smooth_sandstone_slab":1,"minecraft:orange_bed":2,"minecraft:arrow":2,"minecraft:rotten_flesh":6,"minecraft:hay_block":25,"minecraft:granite":7,"minecraft:terracotta":2,"minecraft:coal":45,"minecraft:cobblestone":85,"minecraft:ender_pearl":1},"minecraft:used":{"minecraft:iron_shovel":60,"minecraft:stone_pickaxe":35,"minecraft:shield":28,"minecraft:wooden_pickaxe":11,"minecraft:iron_sword":60,"minecraft:green_bed":3,"minecraft:orange_bed":1,"minecraft:dirt":1,"minecraft:lime_bed":1,"minecraft:crafting_table":8,"minecraft:bread":17,"minecraft:iron_axe":28,"minecraft:cyan_bed":1,"minecraft:iron_pickaxe":125,"minecraft:stone_axe":18,"minecraft:cobblestone":16,"minecraft:furnace":3,"minecraft:acacia_planks":1},"minecraft:killed":{"minecraft:husk":3,"minecraft:spider":2,"minecraft:iron_golem":1,"minecraft:skeleton":4,"minecraft:zombie":2},"minecraft:crafted":{"minecraft:oak_planks":44,"minecraft:crafting_table":4,"minecraft:wooden_pickaxe":2,"minecraft:iron_sword":1,"minecraft:furnace":2,"minecraft:bone_meal":3,"minecraft:stone_axe":1,"minecraft:bread":83,"minecraft:flint_and_steel":1,"minecraft:iron_chestplate":1,"minecraft:shield":3,"minecraft:iron_axe":2,"minecraft:stick":28,"minecraft:iron_ingot":40,"minecraft:iron_pickaxe":3,"minecraft:stone_pickaxe":2,"minecraft:iron_shovel":2,"minecraft:acacia_planks":24,"minecraft:wheat":225},"minecraft:killed_by":{"minecraft:husk":2,"minecraft:spider":1},"minecraft:custom":{"minecraft:interact_with_furnace":25,"minecraft:mob_kills":12,"minecraft:interact_with_crafting_table":29,"minecraft:play_one_minute":82419,"minecraft:bell_ring":6,"minecraft:leave_game":3,"minecraft:time_since_death":22619,"minecraft:sleep_in_bed":2,"minecraft:climb_one_cm":1189,"minecraft:time_since_rest":163,"minecraft:sprint_one_cm":192972,"minecraft:damage_taken":1389,"minecraft:walk_one_cm":159952,"minecraft:damage_blocked_by_shield":1220,"minecraft:drop":10,"minecraft:damage_dealt":3158,"minecraft:swim_one_cm":3950,"minecraft:talked_to_villager":1,"minecraft:fly_one_cm":344336,"minecraft:open_chest":11,"minecraft:crouch_one_cm":1234,"minecraft:deaths":3,"minecraft:sneak_time":603,"minecraft:walk_under_water_one_cm":1814,"minecraft:jump":1473,"minecraft:walk_on_water_one_cm":5566,"minecraft:fall_one_cm":32476}},"DataVersion":2586}