{"stats":{"minecraft:mined":{"minecraft:furnace":1,"minecraft:iron_ore":18,"minecraft:crafting_table":2,"minecraft:grass":2,"minecraft:acacia_log":6,"minecraft:grass_block":1,"minecraft:oak_log":6,"minecraft:coal_ore":17,"minecraft:gravel":9,"minecraft:cobblestone":1,"minecraft:stone":17},"minecraft:custom":{"minecraft:time_since_rest":1031,"minecraft:interact_with_furnace":12,"minecraft:sprint_one_cm":62279,"minecraft:damage_taken":425,"minecraft:walk_one_cm":43350,"minecraft:damage_blocked_by_shield":270,"minecraft:mob_kills":2,"minecraft:drop":1,"minecraft:damage_dealt":450,"minecraft:swim_one_cm":3667,"minecraft:interact_with_crafting_table":9,"minecraft:fly_one_cm":139815,"minecraft:play_one_minute":22373,"minecraft:deaths":2,"minecraft:sneak_time":4,"minecraft:walk_under_water_one_cm":1266,"minecraft:jump":527,"minecraft:leave_game":1,"minecraft:walk_on_water_one_cm":2490,"minecraft:time_since_death":1011,"minecraft:fall_one_cm":13347},"minecraft:killed":{"minecraft:skeleton":1,"minecraft:spider":1},"minecraft:killed_by":{"minecraft:husk":2},"minecraft:picked_up":{"minecraft:stick":1,"minecraft:crafting_table":2,"minecraft:acacia_log":6,"minecraft:gravel":8,"minecraft:flint":1,"minecraft:oak_log":6,"minecraft:string":2,"minecraft:spider_eye":1,"minecraft:dirt":1,"minecraft:arrow":2,"minecraft:iron_ore":18,"minecraft:coal":17,"minecraft:furnace":1,"minecraft:cobblestone":18},"minecraft:used":{"minecraft:iron_axe":7,"minecraft:stone_pickaxe":17,"minecraft:iron_pickaxe":34,"minecraft:wooden_pickaxe":3,"minecraft:shield":5,"minecraft:dirt":1,"minecraft:cobblestone":1,"minecraft:crafting_table":2,"minecraft:furnace":1},"minecraft:crafted":{"minecraft:oak_planks":24,"minecraft:shield":1,"minecraft:iron_axe":1,"minecraft:crafting_table":2,"minecraft:stick":12,"minecraft:wooden_pickaxe":1,"minecraft:iron_pickaxe":1,"minecraft:iron_ingot":18,"minecraft:stone_pickaxe":1,"minecraft:furnace":1,"minecraft:acacia_planks":24,"minecraft:flint_and_steel":1},"minecraft:dropped":{"minecraft:gravel":8}},"DataVersion":2586}