{"stats":{"minecraft:mined":{"minecraft:smithing_table":1,"minecraft:smoker":1,"minecraft:brewing_stand":1,"minecraft:crafting_table":5,"minecraft:granite":7,"minecraft:acacia_log":6,"minecraft:grass_block":1,"minecraft:melon":6,"minecraft:tall_grass":1,"minecraft:cobblestone":2,"minecraft:hay_block":12,"minecraft:furnace":2,"minecraft:iron_ore":46,"minecraft:wheat":2,"minecraft:grass":4,"minecraft:coal_ore":40,"minecraft:oak_log":6,"minecraft:acacia_fence":1,"minecraft:gravel":9,"minecraft:acacia_planks":1,"minecraft:stone":42,"minecraft:orange_bed":2},"minecraft:custom":{"minecraft:interact_with_furnace":25,"minecraft:mob_kills":4,"minecraft:interact_with_crafting_table":22,"minecraft:play_one_minute":50309,"minecraft:bell_ring":6,"minecraft:leave_game":2,"minecraft:time_since_death":28947,"minecraft:sleep_in_bed":1,"minecraft:time_since_rest":10409,"minecraft:sprint_one_cm":120717,"minecraft:damage_taken":828,"minecraft:walk_one_cm":99286,"minecraft:damage_blocked_by_shield":555,"minecraft:drop":8,"minecraft:damage_dealt":750,"minecraft:swim_one_cm":3950,"minecraft:talked_to_villager":1,"minecraft:fly_one_cm":210107,"minecraft:open_chest":5,"minecraft:deaths":2,"minecraft:sneak_time":5,"minecraft:walk_under_water_one_cm":1814,"minecraft:jump":862,"minecraft:walk_on_water_one_cm":5122,"minecraft:fall_one_cm":20987},"minecraft:killed":{"minecraft:spider":1,"minecraft:skeleton":2,"minecraft:zombie":1},"minecraft:killed_by":{"minecraft:husk":2},"minecraft:picked_up":{"minecraft:crafting_table":5,"minecraft:smithing_table":1,"minecraft:smoker":1,"minecraft:flint":1,"minecraft:oak_log":6,"minecraft:brewing_stand":1,"minecraft:gunpowder":1,"minecraft:dirt":1,"minecraft:string":2,"minecraft:bone":1,"minecraft:acacia_planks":1,"minecraft:wheat_seeds":3,"minecraft:iron_ore":46,"minecraft:melon_slice":28,"minecraft:furnace":2,"minecraft:stick":1,"minecraft:acacia_fence":1,"minecraft:acacia_log":6,"minecraft:gravel":8,"minecraft:spider_eye":1,"minecraft:orange_bed":2,"minecraft:arrow":2,"minecraft:rotten_flesh":2,"minecraft:hay_block":12,"minecraft:granite":7,"minecraft:coal":40,"minecraft:cobblestone":57},"minecraft:used":{"minecraft:stone_pickaxe":35,"minecraft:shield":13,"minecraft:wooden_pickaxe":11,"minecraft:orange_bed":1,"minecraft:dirt":1,"minecraft:crafting_table":6,"minecraft:iron_axe":7,"minecraft:bread":7,"minecraft:iron_pickaxe":97,"minecraft:stone_axe":18,"minecraft:cobblestone":6,"minecraft:furnace":3,"minecraft:acacia_planks":1},"minecraft:crafted":{"minecraft:oak_planks":24,"minecraft:crafting_table":2,"minecraft:wooden_pickaxe":2,"minecraft:iron_sword":1,"minecraft:furnace":2,"minecraft:bone_meal":3,"minecraft:stone_axe":1,"minecraft:bread":36,"minecraft:flint_and_steel":1,"minecraft:iron_chestplate":1,"minecraft:shield":2,"minecraft:iron_axe":2,"minecraft:stick":24,"minecraft:iron_ingot":40,"minecraft:iron_pickaxe":2,"minecraft:stone_pickaxe":2,"minecraft:iron_shovel":1,"minecraft:acacia_planks":24,"minecraft:wheat":108},"minecraft:dropped":{"minecraft:gravel":8,"minecraft:stone_axe":1,"minecraft:wheat_seeds":3,"minecraft:rotten_flesh":2,"minecraft:granite":7,"minecraft:stone_pickaxe":1,"minecraft:wooden_pickaxe":1,"minecraft:acacia_fence":1}},"DataVersion":2586}